	gene_GC_content	distance_operon	distance_operon_perc	operon_downstream_genes	ess_gene_operon	gene_length	gene_expression_min	gene_expression_max	dataset_1	dataset_2
890.0	0.022870855993954862	-0.01317350005246802	0.24579012344214898	-0.029005797515440968	-0.027889334433207794	3.2106684068702065	-0.0031671821665567885	-0.005808944613797917	-0.11279546411017093	-0.32381619793414423
4041.0	0.1612474331802445	-0.05768069713276178	0.23129496154515714	-0.09938169368289827	-0.025934342042989618	0.4935103483554383	-0.021937436901009775	0.012658924558074536	-0.06772908314109875	-0.4013791280131715
184.0	0.04332133980000425	0.154944556224287	0.2598427292131352	0.014469274150735576	0.0007456852569488779	0.22788299671172077	0.04621459001558908	0.019239640901505612	-0.17029967503639656	-0.21392229344843797
3987.0	0.007447415643906411	-0.07863708673592745	0.019934343286601975	0.00991923526321173	0.00045045496305580994	-0.01987859965834385	0.09650395298740021	-0.001190839844076254	-0.2606903470204525	-0.33466525163848254
642.0	0.013226212031530321	0.054378492573962725	-0.21752245035085666	-0.6297881016359184	-0.7300324339248729	-0.7586058106721203	0.022941153316834658	0.008389674805561381	-0.05352446614003832	-0.12538865866050178
924.0	0.10267140055757863	-0.09599391433207193	0.09477140609367118	0.14154084361069355	0.06150123785784223	0.20425894173503384	0.047457495366424414	0.008727197640216088	-0.07513085867864659	0.11451670382838586
2234.0	-0.0001079490408479237	0.022603329243219488	-0.11745437722670933	-0.038061760900801364	-0.008542992412484846	-0.16230139937905885	0.03596866109550299	0.011638815449699155	-0.10588542772145633	-0.13304904846728735
26.0	-0.3640857995765678	0.024191920560358824	0.007795164635411736	-0.36848776699502517	-0.3023951604262884	-1.1051387314119925	0.030454815952604904	0.02273959892221225	-0.06376632534466428	-0.06563371353020167
1084.0	0.059335380282459146	0.006777423691614294	0.030879775190998264	0.0003075760368829344	0.0032836055757658076	0.2277067957028034	0.016138393607781173	0.006409271879748693	-0.06388011411792206	-0.1753882027960982
3988.0	-0.028674554520237847	-0.1876647631814681	-0.13056108646527242	-0.0678770326974212	-0.030642197811898985	-0.46371045498692726	0.02735212131090534	0.00028853464534797326	-0.0371495223378457	-0.28416023465448814
3650.0	0.07489598680921528	0.253384768650905	0.3185223508583794	-0.05200573028778445	0.3304759579579063	0.14146436701615472	0.08852082332275203	0.06637117503680443	-0.10271186762509654	0.2670949258821712
3056.0	1.4497307998607134	0.14333311116798586	0.3266634937766221	0.42583762271467956	0.30766011548971317	0.11559461351846195	0.08600764517901738	0.09761912520594558	-0.11284204175044439	-0.0652250053294109
4258.0	-0.21906161571701505	-0.07163595401086706	-0.03736972791664983	-0.19752310084363806	-0.11030868647817438	-1.1436649555545946	0.028748902082880803	0.014783710793906989	-0.10503263634415773	-0.2694082246538954
177.0	0.08953512577018816	0.09960999465193936	0.023081097627478488	-0.18009583674361052	0.165784156074118	-0.07113103453612248	-0.013601561129142414	0.006964416038481012	-0.008497986701414148	0.44307819500080553
3178.0	-0.1539996056988939	-0.17075201407295304	-0.13240829304016566	-0.7030210213230216	-0.43410908901596723	-0.3328794604517091	-0.031675253869265584	-0.006260385735553587	-0.039403525627740764	-0.16240660836389847
2231.0	-0.06200858273596997	-0.07372540440535066	-0.4808898593377228	-0.09181103238861273	-0.07136759751660958	-1.01807727194221	0.004747713533751881	0.011960810370828514	-0.05473240976582568	0.13088945034133556
1274.0	0.17254436673741028	0.32142155349937257	0.472990641783332	0.4472830430603072	0.2297811578009204	0.41427702269956623	0.02604178258689222	0.03175547613429609	0.05029265562082008	0.6197500633806279
3235.0	-0.011415630905377398	-0.056900975555591565	1.6082095443185997	0.49146775996064335	0.2753837403265965	0.2706444369957073	0.14677593478919485	0.11965116826899808	-0.11513407070569556	0.21835782272416682
3398.0	-0.0034531922689499863	-0.044462080110914126	-0.1989587835169344	-0.06132892563047496	-0.04261267491508339	-0.09789259795231994	0.01903791873992462	-0.006552192678038891	-0.06501634806310362	-0.12194694563701892
3168.0	-0.008709855290689524	-0.13721625145586677	-0.007285898729227654	-0.700454854255804	-0.0008240543581613672	-0.8442531092457398	0.05668350749188949	0.01553671966139947	-0.11749775384559029	-0.3877000446972617
1719.0	-0.2004071885679363	0.10672289014032543	-0.06765996787845824	-1.0072535103272038	-0.542096009231908	-0.1360117397473253	-0.0031837185871642607	-0.002466196154522729	-0.04369043817808414	0.1582078125693391
86.0	-0.006755997699148933	-0.26723473875305864	-0.008973594406600017	-0.9363244398168392	-1.3211970154406134	0.006418000403802346	0.0035274783936369543	0.006676152080511269	-0.013960925060650138	-0.04101698267188478
3699.0	-0.1783085711320459	-0.11562112443730266	-0.2067205937217968	-0.1576467482206522	-0.10190920192433564	-0.15796017456211076	0.005883905467880073	-0.00620913353970625	-0.03680156867944247	-0.2177730213391836
3066.0	-0.13829619166248608	-0.10613425699197321	-0.4529628675059526	-0.008203285235616555	-0.028127225489068767	-0.15447134130675347	-0.025607876062593574	-0.08272468539693908	-0.03989772800839955	0.10860655845087806
2188.0	-0.11274781419923531	-0.0510510751708166	-0.1647216059402827	-0.07230027308936245	-0.07898912116616012	-0.1320548780960437	0.026917815817873395	-0.06596219756518754	-0.03293089062462854	0.48563011253876165
4143.0	-0.002304309909237855	0.4203808877688002	0.061777975223119945	0.8738152113272127	0.5399613390132268	-0.05020859278267316	-0.0031718883406174187	0.26293506268671374	-0.08608108411475406	0.24565698263183053
470.0	-0.7705216850918292	-0.04065593641024007	-0.17364500756737458	-0.05801069144146705	-0.06309524174878854	-0.03513648184063663	0.044412399164312735	0.007832280473816908	-0.11290282005521086	-0.21385345319828625
98.0	-0.0007596979496930036	0.077002698995692	-0.014469076045153368	0.03998187708098201	0.10087521790798092	-0.20877851802443745	0.05548742974848162	0.020276196686850323	-0.077564862685927	0.2075288907216944
408.0	0.028431039774493648	0.0038561518987414384	0.9322549484629088	0.03522052600702447	0.06809385731557487	0.5417196696166239	0.23455275470104228	-0.0022257799528141472	-0.30739679246298596	-0.48359781169067834
886.0	0.039023976153494976	-0.042980024519875946	0.36881185802230687	0.1700173540243836	0.09054581544056521	-0.0374430613454102	0.06414564619636144	0.03775055859976842	-0.09587237742456736	-0.017792705273714578
4052.0	-0.05259857066002149	-0.2264081579452557	-0.38097871855287974	-0.29318485713876896	-0.2037277456657863	-0.0019144557562472166	-0.02288267853286083	-0.05180560411532963	-0.019029115330090107	-0.22608829222958338
54.0	-0.11750425325162832	-0.016400850441914146	-0.17573531416422544	-0.6094418333900904	-0.03228079794066035	-0.23438098147651124	-0.003410853949519955	-0.007198224033236447	0.0011242285470228935	-0.06258976253739473
3019.0	0.11126641328828396	0.09094890010175016	0.19116024529026596	0.11285313821979052	0.07956490954416538	0.11277093890806243	0.012429871752400784	0.02240642600085005	-0.029295537171763628	-0.08237145289637757
3067.0	0.0006599765212606428	-0.17301488448980085	-0.1469880804382398	0.23958091859784683	0.12420986423212779	-0.1958559920005664	0.0275244657861705	0.01970012238930346	-0.09792925327336709	0.37140448000193177
270.0	3.5165980183894656	0.21881920424054585	0.04924296357165419	0.05123670767767526	0.2087113210278757	0.017267880461555533	0.04755173531197153	0.03584257024918028	-0.052827421671558336	0.2569555524531333
420.0	-0.2183531153065941	-0.005873274311862523	-0.06956449812585591	-0.023847591679820517	-0.17582274933704622	-0.06158841838464508	-0.046733198588888324	-0.05947512937004799	0.03148352296213689	-0.04667056119835555
680.0	-0.03772335677926221	-0.36095238735061363	-0.7470420944775359	-0.4662556735423015	-0.3060749677549956	0.060450113380066166	-0.041550278957613804	-0.059108259270379604	0.021264933842180294	-0.11898127422815868
3639.0	9.341705708407041e-05	-0.044863539055478525	0.07578175696734558	-0.06716845331223689	-0.02576927480597649	-0.01944530726814154	-0.014443864552264877	0.00110731398015249	0.003399633541796955	-0.24760723676508234
3863.0	0.14844898553231584	0.15443286594799666	0.5187819126288082	0.18859738870560194	0.09761129575167561	1.2438461973676769	0.03960735917903496	0.04848374175967187	-0.10002614440719694	-0.4179853127995103
930.0	-0.040608716450701784	-0.195982006161045	-0.5797899856576662	-0.24893317808015594	-0.181159474012406	-0.004456350369107142	-0.028390478590605686	0.00013948681588137448	-0.007574725291614264	0.1267617281316628
2926.0	0.13409667872723385	0.04414014944086486	0.3646144294243088	0.09916179363069022	0.010248446615427254	0.27800919891083553	-0.016061104023415627	-0.00020503876427261476	-0.03806827959052126	0.33982941825135865
3835.0	-0.32116408900449717	0.012600885552569515	-0.28088914386970126	-0.18275824976749822	-0.08549138952300138	0.02227861252748255	-0.07558287018056091	-0.0510703061618061	0.0948174526387603	0.06259081560183154
3189.0	-0.06508419286336208	-0.5543174234940577	-0.012966035919795043	-0.9463946468139899	-0.6554292656156545	-0.2068109102368998	-0.12602028419514244	-0.16363238338593086	0.039296210867523475	-0.08987998956062143
3702.0	-0.1561408509340303	-0.22824936375256227	-0.8397270623924389	-0.057804030935551275	0.012239049829790039	-0.0045738218918755635	-0.01920439833588226	-0.08419826939380738	-0.032160840049641704	-0.12167121454656364
2411.0	0.4271215397066244	0.47180180665935767	1.0560114136914684	0.06387415774755763	0.4550875618747157	0.19582625345198887	0.061815910892761144	0.1415294192171662	-0.09456085743344556	-0.11372571286749428
635.0	0.07985059977933823	-0.10166509974541446	0.0786205878736246	0.4292103904141402	0.10186339086466008	0.7339116906285983	-0.051206247205235	0.0696325836317237	0.05272740086110753	-0.9191135032907292
194.0	-0.18020602165805052	-0.23224707247541712	-0.35676134378138463	-0.3174533555891178	-0.21299247679310634	0.06605094737452982	0.01207943522020608	-0.022117836025462283	-0.05262956197632236	-0.5135132451887925
2585.0	0.008243766591959212	0.2809348207661525	-0.09588004566990964	0.3594873963096198	0.18444453446436776	0.03488201115357791	0.14527121182458225	0.06250841895703704	-0.25036144831551216	-0.0183042806807877
2514.0	-0.41571530738690815	-0.3526894828100659	-0.6357484120755877	-0.455147385005347	-0.3434597123736969	-0.09722493338657887	-0.02319895418718537	-0.026745117191593077	-0.008480156369803642	-0.1810363305673947
1866.0	-0.11413453820285249	-0.4840941784119505	-1.134065272777102	-0.616071291882353	-0.44389905835767396	0.027415613766453396	-0.03951561370405079	-0.06471825823165053	0.007211340876762562	0.04787948143263739
188.0	1.425144693026343	0.26533238473314047	0.16530071865304963	0.34326443088349684	0.23844654219748984	0.06578671476316472	0.05307083410708146	0.05289668386075482	-0.04499299981500575	0.27599003589689325
3384.0	-0.0012264231806784454	-0.28843822838422994	-1.06784494593271	-0.0347622987602603	-0.008738940278409879	-0.023523446894890297	-0.022600723734331394	-0.0068302046375363955	0.020059875093111527	0.0398635179801547
646.0	3.1104392531560077	0.13855696603935402	0.1070054835767247	0.4532041830196582	0.20516786058252884	-0.002536124175063873	0.14990731503136795	0.14246781088886515	-0.08757596253788164	0.22273038550661542
3030.0	0.0003200678789426171	0.028205504154756332	0.01804959522488421	-0.050259541847418564	-0.023104765938843697	0.03615170441000759	0.023748470387240418	0.016163860936233166	-0.0967546076654642	-0.529920258623207
2472.0	0.14772139156887076	0.6536745394352662	0.0002321457785772693	0.14653851683447544	0.8944165978073282	0.5970934210490015	0.21255173343192174	0.37788579977209247	-0.11785403060504293	0.01421853855996102
2615.0	-0.04105979072804444	0.023723964731659927	-0.036816231311999334	0.03678859946817983	0.015546607414393968	0.02528298695790789	0.005104837906471166	-0.00506378883277581	0.013487794419984916	0.19284786621279407
4262.0	-0.2036182821502936	-0.021662365677069334	-0.75428919629148	-0.29350788455273275	-0.18666829262858423	-0.16187306830034626	-0.07076283558801455	-0.06724397942371663	0.04192842162027833	-0.1055846405560307
2780.0	-0.013947102962770871	-0.19038087577341584	-0.07602184891482228	-0.05667628967005089	0.03269756287740664	0.07283480570835507	0.007447961310514037	-0.008704867292027489	-0.052617380874624795	-0.9747891708528404
915.0	-0.07212246615643951	-0.08260561023662373	-0.3345169885313877	-0.002999893039094157	-0.021696919039905536	-0.03204065890820217	0.01189215584713701	0.005637422985569785	-0.06730231672791263	-0.34508537634553854
3559.0	-1.0327164765665457	-0.0529762480834683	-0.2107972803648126	-0.37328691658021196	-0.24619501701384625	-0.27267514615979216	-0.037283405769422254	-0.012636913477075424	0.027796826201594956	0.012314791604972088
2315.0	1.2287186837412871	0.2239200415812328	0.6446169707893995	0.020168718046182976	0.2843353375617185	0.06800090935723427	-0.007822757284200522	0.09562011324516718	-0.019321798196722723	-0.41387963371149533
3783.0	1.3980917291326982	0.31374393444485615	0.2507002604577731	0.4405444681161394	0.28590903105944826	0.0799908610344924	0.12361412297968118	0.07348847835104262	-0.10249687087093456	-0.8561598269924732
526.0	-0.1800661942804338	-0.14777802957891983	-0.4613014536570137	-0.17996189134260446	-0.16199250190833878	-0.0071059740569948265	0.011146419170453161	-0.04296263764835841	-0.032478150796714934	0.10675478746479937
922.0	0.013106615391119644	-0.006035770032779851	0.2907028619930738	0.16523220727475926	0.7486229714448102	0.006002163666032787	0.062474645490962794	0.1400089492204397	0.016723948114873398	0.07400233116958871
1118.0	-0.03187160597205267	0.0845164308549687	-1.3524220413125458	-0.31677260467457796	-0.16276692786248162	-0.06719323559317734	-0.09480161027552719	-0.07115653564218195	0.045710069685609214	-0.2558652911806264
3317.0	-0.0017614482920919894	-0.04766682354087338	-0.055350915212090665	-0.5942262111551271	-0.7541566033162234	0.06797192390459024	-0.04220747432487597	-0.5471151057440182	-0.002980272345258481	0.027847761294768583
3461.0	0.14553496316482095	0.5117672349717176	0.25076469937645673	0.6552123772742376	0.40610983495304925	0.6781772494229722	0.16517934372484977	0.10157914068538007	-0.24347092160179978	0.1679772888224825
657.0	0.12459161361675024	0.013946319528319873	0.26488778433015975	-0.0022018400675317224	0.004593924566110683	0.004324980454440994	0.025773558920904462	0.021223651157883397	-0.08097922494732876	-0.40665200417287867
154.0	0.8422833610802012	0.47092572610077965	0.5388147891938792	0.5962499275020546	0.42500722013543435	0.12794368540363338	0.09166366965000984	0.11869596578699254	-0.09137136144702465	0.17240095827407376
3730.0	0.006409779297312849	0.2620612935073897	0.27602478441204537	0.062316947712523434	-0.033732726747776054	0.02256047611264827	0.053907694058323755	0.04735756107757022	-0.056815808768554306	0.4223025514114552
414.0	0.31276357330801274	-0.08914778996121696	0.07626440796624306	1.0171768820602494	0.31820393218373716	-0.05403170727408341	-0.03378012934977723	0.026028240149590473	0.015858448571509785	-0.5263503443616172
3997.0	0.5072604426456527	-0.0015785154222168257	0.05382775174999229	-0.013110251443656042	0.04737747477224209	0.024293827118475535	-0.008002903888779432	0.024854355177676535	0.002356877079213186	-0.3709145176337476
3974.0	1.6999083210987846	0.04634335502097402	0.16600852128385066	0.051773281705041134	0.024905010475532053	0.04386406081275796	0.029127678963907756	0.03593952745014243	-0.044485869384771046	-0.2539815333571901
3966.0	1.5204294658066935	0.3048115642395101	0.9710733329248651	0.0505899808629718	0.00511918611899277	0.10964817667485988	0.0795195718602369	0.10482428682070447	-0.008979148234156404	0.34516937455452845
3064.0	-0.09240872751827357	0.06887166836463218	-0.07260230708742924	0.08569677888083689	0.03645041972062782	0.047593260530558304	0.05636516612595379	0.02122518839329239	-0.0918718989609178	-0.11424140160314888
3256.0	-0.10282084164093373	-0.44378225297115254	-0.08414854612911679	-0.9691602869197624	-0.6413404577431752	-0.07552592597014618	-0.09287522865428931	-0.06744726532683709	0.09458303982836853	0.04622435340454431
1779.0	0.1410037066232046	0.06825508634361349	0.002421094162642611	0.014693746745817474	0.031501690047278826	0.051631008260533684	-1.2452550561975562	1.3440173538950893	-0.044883285535015374	-0.08268270517446062
3705.0	-0.0635507172839112	-0.32355132083064553	-0.7678383980383391	-0.4232724342696855	-0.30539688572008955	0.0425934920771763	-0.013182430856345552	-0.010903440820827651	-0.030783688672981025	-0.15848693684539172
3843.0	0.0874729734984405	0.300519974245112	0.6914833791227301	0.3771247011504853	0.28565055347368323	-0.02475712309531313	0.01983528839710789	0.07444772425799054	0.001705578222784767	-0.042937738597012325
168.0	0.7120056795513939	0.1561175941952955	0.6209216721940808	0.019405388266850943	-0.006498606154959433	0.3619049004728635	0.04156920464425456	0.06912292585445899	-0.007830233744423707	-0.03861622971927685
2323.0	-0.27589946252891046	-0.07501838617973652	-0.09636541732563272	-0.1269827403714741	-0.08819234003000337	-0.032182394489824136	0.00018363453186129354	0.0015360710576527927	-0.03426927147746882	-0.41923573594511265
3464.0	-0.0020982622772801334	-0.1632932045459184	-0.7839916195584788	-0.07433204318494242	-0.4262646806022135	-0.000966615653971642	-0.056053159495206076	-0.10923467763039504	0.04118923270613852	0.0942717251489414
475.0	0.04186630247532321	0.13582290637507807	0.2316171830324864	0.16433904474712077	0.12592445328941954	0.15757946069313	0.02979437402787593	0.05621870643827151	-0.04478189036630473	-0.16070316902295864
4261.0	-0.1538427996314403	-0.1896348593454654	-0.2062803778023701	-0.04717321334062017	0.029070277520525566	-0.14507622960397004	-0.012303334345434343	-0.024874065967045698	-0.07340083060181754	-0.9341488420875702
1209.0	-0.14865314424363868	-0.11560867004808904	-0.2889008207413385	0.025089874703928986	-0.05759418075032229	-0.35608594191418097	-0.03713534656156083	-0.058001998168352005	0.00817182194737931	-0.1796439072356211
1207.0	0.007689199884660333	0.02077967999819515	-1.3901090147904143	-0.158962460921769	-0.09273886496261226	-0.13461419780352518	-0.007133858917993239	-0.002808929728951519	-0.013649395233876434	-0.0023463348173198323
733.0	0.00027071245028438025	-0.1117627514046989	0.01110561797185855	-0.03393635198115628	-0.08371401217918055	0.033521058968638655	-0.008605511631979817	-0.0062518206391782676	-0.015449008156257934	-0.6107295506846268
3805.0	0.30023095408603306	-0.14805064426332445	0.23549674032643855	0.4589197945366888	0.029162161683114345	-0.10767293951822947	-0.06320327131972758	0.012874688844540036	0.007625907684491593	-0.8922110747670862
96.0	-0.06496225092028425	-3.856238693965375	-0.17968745745287443	0.3193657881259949	0.17505443542814467	0.22354012952688626	-0.021015505573270896	-0.005484198151213225	0.0661135944559461	1.4275444641281783
3341.0	-0.6879137388444511	-0.0501413865089381	-0.19901905567967834	-0.007419418748908775	0.006787801893384243	-0.5151872721496923	-0.050943936116630395	-0.3726906263947688	-0.0017535468333618642	-0.15408292592722223
3463.0	1.682577339561766	-0.013880711276617407	0.9849257823491444	0.016243585302242954	-0.008459415041066605	0.5910022898986254	0.06973114175726892	0.08995496251190567	-0.06919665721679885	-0.5445768840091144
1211.0	-0.0006367620676019879	0.006579570664687893	-0.04781612905122312	-0.038326804822728114	0.023150232400399366	-0.09030083245761418	-0.03315285719445092	-0.007164859622800604	-0.009315177284072175	-0.6548156945696706
3113.0	-0.00998160379878977	1.9870034226560882	2.2868262212411152	-0.02133495522415901	-0.009325099813218277	0.34806949003547577	0.027996220099996555	0.03738512675189018	0.005943756459339388	-0.0758701039585368
2828.0	0.00020594307896524078	-0.3001343066910225	-0.310211278019298	-0.06719943577042303	-0.25821994720191616	-0.4161983515411254	-0.07050448793872129	-0.076923255394637	0.034806483271649265	-0.448515681672384
3433.0	0.24369696688544604	0.37743896886482886	0.6880014431097601	0.5572916187675098	0.4033279457971657	0.26158583766320115	0.15100390719273232	0.013081940090813773	-0.0007271568618225921	0.6161343528967438
3608.0	1.2884334413468659	-0.027810180845234362	1.2005099086731625	0.42015051401216436	0.2637210349933313	0.28676877275275603	0.08620043999815108	0.06174043391435285	-0.058797561764146064	0.46265495133208273
84.0	0.003954216800921224	0.0179662217783592	0.037687399944608097	-0.26640112549636336	-1.4897162812553248	0.032071731950183785	-0.051092823416771155	-0.006658931944391111	0.01585014630247798	-0.533794038779402
31.0	0.023632187864592976	0.3195168599416612	0.42441018153525334	0.40817969028670953	0.28345851500267016	0.5121036116532252	0.05014717927757581	0.05057232593548817	-0.0550137977382612	0.12662219045956438
48.0	0.00020921402737958356	-0.018427392274161847	-0.0033527067370408945	-0.023409427416073172	-0.013574470843761254	-0.04187677075024219	-0.00829369281436531	-0.005259255220270132	0.010572917782573344	-0.0013896958138334692
3704.0	0.22320740358685823	0.04034358891029578	0.019326559092985304	0.03877222154900836	0.047086858442755154	0.22003417018226437	0.01519215671800248	0.015189982006182195	-0.014569280328451398	-0.23683804617284537
417.0	0.43983966705401367	0.138567981574886	2.8393609279602043	-0.006983584750386457	0.13568783460606715	0.17506420060840144	0.06156296815222277	0.09273209501598205	-0.027701027395662353	-0.419879713176995
640.0	-0.013978642545380997	-0.257979940472098	-1.1068569006357363	-0.07794452230080123	-0.022200973027048442	-0.03746419877300669	-0.037968659438370835	-0.03888398418953894	-0.0076406055477123355	-0.08593787230301927
25.0	-0.002942803656811134	0.010764370409890882	-0.37436008474903887	-0.7249123698011194	-0.7566139079483267	-0.07488590455452912	0.010329823636074561	-0.024527638520891046	-0.04221309880209176	-0.28073915284711903
1116.0	-0.22636716064700338	-0.3071029193145374	-1.0142262436535963	-0.02706357035306987	-0.3975993331010278	-0.14973728674324482	-0.07275442316645128	-0.16495105629910686	0.002220792934386731	-0.3890598913580538
4084.0	0.6414092149870648	0.5483250809656123	0.7361347446496459	0.6920139573625457	0.5116604804324673	0.7026399521118273	0.08805063190926285	0.16966232582098073	-0.04002164068160154	0.36072911394393
2511.0	-0.012024181904730119	0.004756057964820961	-0.37304377986325277	-0.16710777925654355	-0.09088634638674435	0.005862388150647614	-0.03213619530349652	-0.033619092875864794	-0.003692018226229423	-0.21063243940299478
893.0	-0.014041947196012856	-0.45415525577378474	-0.8792521518976214	-0.5812357390646432	-0.401152806905329	-0.1001470233940425	-0.06912763992504135	-0.053034693114464904	0.03873412132307833	-0.05470196239670618
1215.0	0.028136319908247026	0.00018105339737162665	0.2745892912338567	-0.036144770364500714	-0.013018225154626127	-0.010876417821658678	0.010001612377985927	0.010308431058655027	-0.010835361199523654	-0.40610741959543445
181.0	-9.361808282654145e-06	-1.008625184703536	-0.253040598993204	-0.47221148384931916	-0.36302356577883665	0.08251327666294965	-0.008303913683109265	-0.022977688885043524	-0.015978725105409434	0.3442700082029877
3933.0	1.7385988897130034	0.12781584628350676	0.4352119596967109	0.1232472882953791	0.18225217767592786	0.1973251367549795	-0.0016425375411021769	0.08003937016742822	-0.06850868676564317	-1.1329808608323133
3648.0	-0.8771648931974012	-0.13353416040614885	-0.3993082959387522	-0.1593549201510522	-0.11269767240867841	-0.3619505716004565	-0.032303293103006614	-0.05768315499295578	0.02671911943428213	0.3022407099241263
3729.0	0.1762174824992093	-0.06372165420564951	2.002227133612568	0.7201759568305194	0.39478588516059615	0.17197316408556088	0.08079445172716651	0.028024478264350065	0.024099683213402646	0.7324713195004477
2533.0	0.13691129638571836	0.17311736548186132	0.2874173953631965	0.21457231907766522	0.1672867176466108	0.3127634788696738	0.025729742934450094	0.051058735815900064	-0.01767078039882453	-0.035603137458814674
2400.0	-0.04752525001204024	-0.47900741771311006	-1.215211020986092	-0.5981056306231657	-0.43270655119261947	-0.0032402806614785793	-0.054919873748348606	-0.0971063262601293	0.010867550331411182	0.25524701057989135
2942.0	0.001028043781023883	-0.017332853688560763	-0.21285134684465454	-0.009103433459372322	-0.02799590425168787	-0.010171126443256578	-0.008595837992882823	-0.0009039670914670129	-0.019890835357875544	0.266662979805842
2607.0	-0.07935082298332072	-0.05681687775937824	-0.8119092153113355	-0.04277296687468308	0.00823272235682781	-0.5283380529100651	0.015764316799637978	-0.3777527692131588	-0.030385181145617276	-0.34000871745700173
90.0	-0.17307724322128581	-0.9669643706732781	-0.34773611704364843	-0.17658475055667203	-0.5469420576102172	-0.039203044683998996	-0.047529259057090885	-0.0034538654742996317	0.02140560424662781	-0.5075665934525446
1175.0	1.5467410477346777	0.13309882704236772	0.5942473374346174	0.05934636934504957	-0.001352507213407921	0.6099684532030332	0.08458674837548133	0.09116000660973803	-0.023411242491428407	0.25881427006397334
166.0	0.01268286810573069	-0.08115811821548606	2.138923649587366	0.26321273865180095	0.1396157884675947	0.264357108976657	-0.0009738786596639833	-0.0022986374509271494	-0.009839641224281334	0.6317226111748204
173.0	0.019200385276467336	0.11051200798894482	0.7916988489431455	0.10356724015763186	0.146386480749296	0.04274590293429233	-0.026879047556622692	0.1047174559002212	-0.01745978172683979	-1.288123517746111
369.0	0.1034815277582639	0.3310141215975123	0.48280660001113557	0.415238130349266	0.299841131839014	0.3659310029497039	0.061306696029616345	0.09647711615220864	-0.04384909772990099	0.03197655122951708
94.0	-0.005373717057778732	-1.9526172901806351	-0.5487125563842998	-0.001582336098944332	-0.0727963147697724	-0.0026833117390726224	-0.020912013129071774	0.0025354829179979267	0.011525123148292543	-0.2650547549547938
3340.0	-0.054567607558136604	0.0064287976614677625	0.0018139097859625572	0.0045704927801211844	0.002111289741644417	-0.15079254258451494	-0.4189297682472008	-1.4506058981960632	-0.010573321133476513	-0.026218283259946212
2235.0	0.20521994227650064	0.06841059631352482	0.8737663358373514	-0.013246331889841634	-0.0016076010477567835	-0.007679081404060532	0.045539649034022696	0.03272582907243577	-0.058657635726662175	-0.7289075899294399
3200.0	-0.5694938064615747	-0.3827090293888954	-0.10090023000409831	-1.935407186583347	-0.033761500143169546	0.019015386468335966	0.00655865862021835	-0.008924505091951841	-0.03326976237772817	0.1494991312677078
3041.0	0.09099067487597895	0.41463262070477047	0.04602952677840809	0.6466912755644716	0.40689192992544193	1.0849089502118872	0.1146066474641491	0.1404069258953322	-0.038176689148896686	0.6339288452754899
2779.0	0.057856952133381045	0.029794518885201116	-0.03328803268039576	-0.15721998135221918	-0.09561005718645216	-0.01820227788053382	-0.5207925191199806	0.08831717345491304	0.00597136238469625	-0.5799432464330649
3320.0	-0.0962997954068679	0.03997653773212231	0.014024602004938493	-1.4999830659189162	-2.4219589547515974	0.03648656926155255	0.6685196816179622	-0.5057506947579365	0.05928566474517922	0.1985282180713315
3982.0	-0.003981525713603971	-0.08205163149847246	-0.08568522245031565	-0.16292723786023044	-0.09669476768192133	-0.26888363516783576	-0.0003869301755946046	0.0064861619246629155	0.010784667623069951	-0.2827554319344327
3018.0	-0.07038590885680042	-0.047899188324089195	-0.031090635532310992	-0.06623314898432517	-0.036050133892344266	-0.08075938604705041	-0.010298546879411362	-0.007253865159357879	-0.007849210296998393	-0.24235230851503592
2412.0	-0.35282777388016695	-0.26166388610984465	-0.33402380583735236	-0.3376154094364173	-0.24439195524239546	-0.28271428327928877	-0.03253858263712711	-0.036654958475376004	0.008742896784212018	-0.3217322179771214
171.0	-0.0007518005860590027	-0.026686245448287262	-0.09297870247040695	-0.028317558088368926	-0.028266364766808702	-0.06874275927446569	-0.0068145246672989875	-0.013565699757922042	0.008079815662540594	0.16243380751260197
3250.0	0.169218503493848	-0.018797606208348694	0.04091137928598261	-0.059944247429481345	0.03825236882003357	-0.11481850670409195	-0.0368826124398506	-0.003874297044074944	0.000558125918285651	-1.1345139716285457
1210.0	-0.1053779923091812	-0.16429785933916521	-0.29736508193722444	0.04714149620542068	-0.054236722943528104	-0.05503047398533167	-0.030095345883965403	-0.047207493965419414	-0.025645408010111385	-0.7169747527138867
3303.0	-0.3694677245485506	-0.22935883375007304	-0.5437312237097717	-0.5566826015386571	-0.688351230886638	-0.020384562101503377	0.4411743245959784	-0.6957010949913196	0.02874416287312117	0.16223669538545804
4043.0	0.08340817352366972	0.34174482577099385	0.46438730695001934	0.06911535053965906	0.2989731011068234	0.8354098637587681	0.09775136644852675	0.11420898466394913	-0.09672750440385172	-0.029788451418064115
415.0	-0.005641533636946932	-0.002521927705202007	-0.07211005925105718	-0.06384922442970396	0.0007396290053320275	-0.15948453749233935	0.016726895234458	-0.00128591106918734	-0.050479446753657155	-0.3589042348730411
2017.0	1.3352089011796395	0.3329829222438489	0.4184923469402006	0.0744504804286278	0.2640138155225925	1.2664971829541372	0.11375849405662836	0.12096496031878781	-0.06280850241702383	0.37179632113533967
641.0	-0.03521605249943341	-0.17527353827208497	-0.6277805738275242	-0.33775053559092205	-0.3063654949115507	-0.31455130686751304	-0.021287207552836036	-0.032962466931861174	-0.0	-0.4728281674101255
3308.0	-0.029894791125817336	0.014265136236687525	-0.006931046110782778	-0.3516175525240349	-0.4428533898409077	0.05167550111246617	-0.5505413422292972	-0.46598706918969546	-0.0	0.005425702044663344
3471.0	0.5093416331723668	0.4198566596415351	0.6605279788508518	0.538180365471741	0.3494797875240036	0.9234843331465654	0.09278786346456142	0.15027060663191846	-0.0	0.9028755115710367
3201.0	-0.11774426412809401	-0.27630495844410086	-0.28990659217765974	-0.8223479373479854	-0.036133633347801786	-0.11330125684841116	-0.008466446977724406	-0.019719593858540857	-0.0	-0.20683418631172637
2746.0	0.05474408251096376	0.06568174786928065	0.6580278322424303	0.1902964580176643	0.1221102152766905	0.43805479428127886	0.04597298146559505	0.04840390012215316	-0.0	0.34301263360600304
1099.0	-0.17713052290174003	0.040783929290654296	-1.3905748635335988	-0.030556944006895636	-0.16953054907129889	-0.20406431056644067	-0.06732688556718953	-0.07077261830765136	0.0	-0.6598276550875808
1098.0	-0.18328514734870271	0.02371031465574062	-0.5914293457921478	-0.0032162155920974914	0.011517722099480184	-0.6284242827409291	-0.07069389158036735	-0.09636985468808643	-0.0	-0.744406961759697
1718.0	-0.5867780239199301	-0.07260688372916689	0.0031598515348267605	-1.044448860506665	-0.4403938093355923	0.039857885197891525	-0.1546732885617807	-0.07581241722915975	-0.0	-0.09164384137042123
179.0	-0.00026539385301566044	-0.02762558848325582	-0.002167821329016603	-0.08491981416979182	-0.10046489942058079	0.005385088452940076	0.0002458349499836133	0.00031878303332124095	-0.0	-0.009853944317277931
1208.0	-0.009091767587572632	-0.03417614134126697	-0.0032381064005298547	-0.01534014428768635	0.007563685828215618	-0.12988556670256035	-0.015451672216246402	-0.025967386645184005	0.0	-0.22958924543642634
2515.0	-0.0013706474056469245	-0.0408358373076656	-0.07088132167857361	-0.007767732698928024	-0.0388703627298914	-0.02789293294200429	-0.0035455501366311636	-0.008367425732043358	0.0	-0.09996800833297502
4361.0	-0.4242186532046373	-0.019366178913426204	-0.5933948586874868	-0.046819646513219224	-0.20103078296451826	-0.5095760693347181	-0.09462625748011338	-0.11162536695304083	0.0	-0.7175340626244094
1277.0	-0.2679201626631672	-0.12925885720952093	-0.2111082323968064	-0.16628330032389024	-0.10647764137562506	-0.3240354406047911	-0.025114055722589727	-0.04294818273130092	0.0	-0.27914746358965664
2747.0	-0.08280454173288766	-0.04119689330615736	-0.06272352731269268	-0.008539819546680621	0.006276859165346125	-0.09653458255479065	-0.006430089271273257	-0.01218194963191983	0.0	-0.10243264438346505
4160.0	0.01652084652258675	0.18640991426825884	0.3024598363310316	0.03598483540029342	0.17753453885154138	0.21815327400592768	0.02776495617683364	0.0452125201330812	-0.0	0.43971589205060657
2595.0	0.26662360757566544	0.3503278227276466	0.5675425625035595	0.45682569281373475	0.30016067205666086	0.6733072402508211	0.03670046431948323	0.05318335434139482	-0.0	0.777416887370109
3314.0	-0.01042333621675819	-0.13297033839399874	-0.20653422098716534	-0.08878180008280223	-0.07498736931256356	0.06895774628060082	-0.5304975701038994	-1.6382249497180628	-0.0	-0.04546384989798627
3305.0	-0.014158287377854146	-0.0736697721661899	-0.03013029467446898	-0.7401673303009757	-0.8878708222197997	0.10083649928981053	-0.5175817787952307	-0.38961487101885584	-0.0	-0.03612955457353631
3300.0	-0.10838144540855321	-0.21679963266541225	-0.4264249799155977	0.006937650132714318	0.014436458310727563	0.013215593078031643	-0.4326628255895171	-1.344479287377232	-0.0	-0.09809952865784236
4040.0	0.10565662704983418	0.26941235100060495	0.32450649634098594	0.5884052834243968	0.3574494231001337	0.6176604876298472	0.13014005234373296	0.15172187350309105	-0.0	1.083979660118193
4226.0	-0.04823759404148499	-0.06565731070333576	-0.12531222165879147	-0.092868807831518	-0.06232717645279278	-0.18834542878149937	0.003250771701209009	-0.013458703757543329	0.0	-0.16258420835051635
634.0	0.02403009290347485	0.014302778199275598	0.7690369630058979	0.015748893048384987	0.08638586406883993	0.07130017761881277	0.044353020591937305	0.04456843343029649	0.0	0.4323250035447336
524.0	0.11693228339597668	0.07752532912992774	0.15379337635106166	0.16220580027080816	0.108766330535621	0.24786483692598907	0.030532816753816108	0.03743397808004689	-0.0	0.2876612349777269
3701.0	-0.28513351835976547	0.02963999913139503	-0.48896033961086904	-0.05487285573601873	-0.2892423403497322	-0.22736722879017363	-0.07003117260569755	-0.09128216509175895	0.0	-0.9278385777310688
93.0	-0.0006917751728547877	-1.8431109775360281	-0.2920715658414415	-0.12538006300832508	-0.2405484697128584	0.04378590287222437	0.004900526850834343	0.008401234607168913	-0.0	-0.009845099968217431
3983.0	-0.030377352434289094	0.0722838801978397	-0.22147008813886246	-0.744021606148901	-0.8557517282211295	-0.0422673590206624	-0.26850458739198796	-0.29521987718792914	-0.0	-0.1471939242166912
3295.0	0.010203553673297321	-0.008002107589545423	-0.0914800833186233	0.00415603394727697	-0.004912602452858521	0.03740741031876011	-1.7307000234396779	-0.9727581962141353	-0.0	-0.0929584999014191
142.0	0.4091227298912303	-0.027090125062961434	2.0568537223648433	0.29783244863912817	0.15708785695025992	0.6675703592568428	0.0961941269055553	0.09198875376128372	-0.0	0.5941180801846375
918.0	0.0002564938955459749	-0.034322257247150725	-0.0007575001548374454	-0.050285199358838045	-0.033269604788548096	-0.073012777942901	-0.007584495203679976	-0.01043082177178702	0.0	-0.08689128734234397
639.0	0.1573407326279218	0.10341679011669011	0.7615218770538199	0.003960645282896982	0.020726687813526892	0.11113534603848473	0.022968327820442627	0.02078460620081772	0.0	0.16798829751239203
474.0	-0.09253970945665853	-0.2933139992442579	-0.4598582871491027	-0.38336698738533137	-0.25841421476319476	-0.6800207277750218	-0.018870455412172842	-0.0332879078411073	0.0	-0.6454376376770166
2567.0	0.25217929520444493	0.028433800304381307	0.2263886368994365	0.3031343132015173	0.09536913052269669	0.1527542004994285	0.009844061927662915	0.029507652836176925	0.0	0.2155207055291451
95.0	-0.020057141878813668	-2.3276894063148705	-0.4261994421493919	0.013430907414400164	-0.014425800021739243	0.022906020780621473	-0.0018202621352393887	-0.0007011580992140168	-0.0	-0.0176369000091089
2614.0	0.7480675477966079	0.42173294834276753	0.75473599488261	0.5645296382573716	0.36661336700975106	1.065124926436056	-0.006520187864254898	-0.008139061648243672	-0.0	0.9704771736641437
3985.0	0.0028005525758035567	-0.01160257896293137	-0.014374884676705101	-0.05459881596964042	-0.09524751626318197	0.05724755294141182	-1.1770686805902288	-1.4414141654273567	-0.0	-0.02026700930275921
1093.0	-0.07419156116291495	-0.38776334658386397	-0.9521185884631169	-0.05770356686028323	-0.017344776464460036	-0.12080460449453555	-0.00040115056319403494	-0.0011506098602003315	-0.0	-0.35062900992645746
1288.0	-0.010058224822595007	-0.2728981362967625	-0.41342129708967845	-0.36080061156377247	-0.2521217633076576	-0.4810512292612033	-0.0034221836823942267	-0.006863053144126347	0.0	-0.6133438538286385
1912.0	0.0067864394479497	0.16454131304341735	0.2307457107931959	0.21048273241801663	0.1448098219764617	0.4496113684782206	0.031730799391847336	0.04929629441096739	-0.0	0.3447788257658815
175.0	-0.23206521777422962	-0.1892956378278255	-0.3151185731893531	-0.2459137589634881	-0.15785040251911014	-0.27621185279419147	-0.027037477524902407	-0.04150021191483437	0.0	-0.4235274765337566
914.0	-0.6826938243090301	-0.20495250550867286	-0.3562459301033791	-0.1477408068109766	-0.05203474050427627	-0.18841561917261085	-0.04692679782193372	-0.041309239094498684	-0.0	-0.8014398001228351
2925.0	0.009209365368360636	0.0006137204441099803	0.14257291779307366	0.015548988225290605	0.007391746141928379	0.0042023635180266335	0.010201750436078285	0.013899054909901521	0.0	0.044443388125730315
3177.0	0.2683719591743186	0.3480157961690874	0.7163122226384949	0.07021177914344712	-0.03630179158333355	0.5751238745840577	0.08206244838313018	0.14005608672534586	0.0	0.9331140798119439
3972.0	-1.6741664256306725	-0.07220892615118447	-0.2287604201073476	-0.013923414131789508	0.0007697734491700599	-0.06059864795405338	-0.023708877381528652	-0.034591190358688705	-0.0	-0.22433003489198206
1204.0	0.48452540959918516	0.15917305971757537	0.3025616100496315	0.03136504794172527	0.13761031169638302	0.42729054456328347	0.0320885283653482	0.056994959399585175	-0.0	0.37084757010731406
1117.0	-0.5036843214177467	-0.005271823476792998	-0.3140946785237359	-0.04247529191171212	0.023325193030407653	-0.5330540552125874	-0.06297555053144785	-0.07928180209160499	0.0	-0.6518888968203179
4059.0	-1.0073527632376982	-0.15482460892610445	-0.14761313260043232	-0.1962905481830172	-0.15502955981350222	-0.4463199705541946	-0.017321896631355322	-0.03766631509762527	0.0	-0.30760802732422005
891.0	0.0418168830836344	0.03757681065697214	0.0671439971191751	0.00743408088578838	0.03381358281123644	0.09712905271549316	0.006484249755259424	0.01102554864388776	-0.0	0.08701053593349091
1356.0	0.4179899005374064	0.012128486443867104	0.029158524049469232	0.015784023306619835	0.007402077557671339	0.03443763541882589	0.0042840238893050685	0.005944157061231772	-0.0	0.028072525162149333
3288.0	-0.002496231194513856	0.157034585471616	0.17931014723620395	0.35422601452666885	0.22292034246750406	0.3068062203240691	0.06383886818994991	0.07297018414584833	-0.0	0.6530464924432001
87.0	0.004513305854249085	-0.5164951823036182	-0.023857879450805607	-1.0137093388728338	-1.3359635037003899	0.04347803026929846	0.006875370890294608	0.006960718826560204	-0.0	0.01896016346549466
3967.0	-0.000624303463863663	0.0006481692572974655	-0.016310400432548347	-0.0026538514319273646	-0.0014209370408588516	-0.0027999756521634306	-0.0007250183610345628	-0.0006896364082773577	0.0	-0.005647950469898494
1689.0	2.6303812199137857	0.1918258622698673	0.376353776478453	0.24700516985917945	0.13894529492437763	0.6702126149267517	0.056955140089414005	0.08780213518385022	-0.0	0.4193948020694812
1662.0	0.874866850514379	0.10843285343764897	0.20664222246320704	0.14068295621142574	0.08196748208250632	0.24265032285131422	0.024692195305649537	0.03384276695523213	-0.0	0.24310643941016272
3304.0	-0.010011828343022253	-0.0634132131323491	-0.028726729795669287	-0.21884596681075294	-0.22895769487165876	0.06560174162109673	-0.8063002467027544	-0.7773171556607851	-0.0	-0.01694405567038332
583.0	1.631682995206933	-0.08190830170592894	2.195338162559598	0.2254910629666392	0.08999376543991575	0.39145275845219296	0.09164435333603631	0.08448529907686754	-0.0	0.5214985265399389
4168.0	0.008985844031919854	0.00815089679313616	0.017961163319864772	1.0642899084124966	0.034975053627462394	0.1555367919486112	0.004581786345009295	0.02324233704472309	0.0	0.11826233653885393
3176.0	0.37808279310728904	0.11421304782335295	0.49173213597914883	0.5196952000032927	0.3308216063547166	0.0520733967146403	0.07027046726021759	0.0833754444757057	-0.0	1.0238794870832069
923.0	0.06155769522973668	-0.004484865725003493	0.01552799142610794	0.013251440221165126	-0.0024064907874378873	0.19585750922073142	0.026566018915212868	0.02907778303596458	0.0	0.26997508364463685
3199.0	-1.3676606584964752	-0.1324002106981116	-0.011956541107369309	-1.424267703539677	-0.1769870061611073	0.00016887259957475145	-0.008220922922712188	-0.019378628375568772	-0.0	-0.09101667556166376
1212.0	-0.09646122505470173	0.018788315501882286	-0.4387614804040374	-0.050064940569080896	-0.030988644816922265	-0.06074620973407748	-0.013199758586770966	-0.011703816641265788	0.0	-0.10783054987282403
3804.0	-0.0009310652139064597	0.05952842752311775	0.0015223501296989664	-0.04856360135367299	0.3311459060209692	0.7523227624122601	0.07251721207979676	0.12309428848443568	0.0	0.952604363287606
3462.0	0.007223788434637607	-0.058119078705870214	1.3398018061072827	0.19584489016841214	0.10828262132068224	0.10942687677543389	0.046208579673327914	0.030239655944382184	-0.0	0.4401168906876354
3301.0	-0.04354461067269294	-0.25037671323938343	-0.7960958348419049	-0.042697975920185476	-0.007731805389017786	-0.1630058485929399	-0.4735894455614707	-0.10336217904652464	-0.0	-0.2421299215716182
3981.0	-0.2773574471636946	-0.2111822154726239	-0.32517298450144216	-0.04533934134741662	0.0342406476471404	-0.8566643697764597	-0.02383131046402399	-0.02845839358276206	0.0	-0.5157802031266967
3342.0	-0.005736335327386795	0.02768217751259598	-0.08323364938872414	-0.05371673114743114	-0.032364205871260855	0.018747296866198797	-0.872455082257767	-1.265766472461556	-0.0	-0.04996883339904566
3021.0	1.5702873210018782	0.04052200319786157	0.03178435953946151	0.06351202733385482	0.026282302213909852	0.15010170283212093	0.022639748534118546	0.025304820232025915	-0.0	0.12024125784126645
3634.0	-0.006480735605140032	-0.005177656829158744	1.1071157713338777	0.1685652059227551	0.10057792520319861	0.38733015537504395	0.04771337596085593	0.046366454950459324	-0.0	0.3238959802962684
3306.0	-0.030687253480016524	-0.014299824777867657	0.0033306440139893884	-0.323804515450488	-0.38284769193585405	0.07072024100859303	-0.887894352122769	-0.5672339406138162	-0.0	0.00014668162449591192
2949.0	0.0029364984031905526	0.10403614280440643	0.6731224095500699	0.2289589486139415	0.14506102709030227	0.5743442892558502	0.05237179331087412	0.0572620428852189	-0.0	0.40826627465352494
3183.0	-0.0025300752625189694	0.007089396499710364	-0.16435639872952895	-0.03624741184060828	-0.020660678629191253	-0.012334793591047135	-0.008530718265355808	-0.007629082878209747	0.0	-0.07808326449780287
3309.0	-0.1880511857144075	0.02888815042584254	-0.019512767460207373	-0.5301915983067514	-0.6937234546100177	0.07678021222072715	-0.6249313380476398	-0.4120705249671211	-0.0	0.00913049271613177
2559.0	0.41453351603416533	0.1455604459868004	1.3127015401078506	0.40867094067155063	0.2711792827294558	0.915438112062312	0.09325589578237647	0.10154960875178588	-0.0	0.7294690623623705
2316.0	-0.38749117027856544	-0.21386549181982914	-0.28555011513943296	-0.2815428367321394	-0.2081062462177355	-0.28503032595841943	-0.000841420322682929	-0.007790959087360441	0.0	-0.4753878922547749
97.0	-0.020232746744457283	-0.0499403206179199	-0.09649201438650286	0.011713520570153142	0.007486867231768323	-0.18173337592535796	-0.008914916959604103	-0.016688339903065022	-0.0	-0.13634230595180702
529.0	0.16940240159725975	0.2790463509659907	0.4160896786068373	0.05446924052791573	0.27237695197076023	0.4356104458046926	0.039497183987415745	0.07679562734281888	-0.0	0.6390156590774122
2478.0	0.09616803855892776	0.21736724739306817	0.422400717216066	0.042515728758366775	0.20532293645540556	0.32187461543107193	-0.00015773930908431056	0.02626489280660311	0.0	0.5407313506108729
3255.0	-0.0890770344237729	-0.17754642302059148	-0.4742984248545307	-0.04149225147275428	0.02456687863073125	-0.676259465047708	-0.01914849675452609	-0.09289916304235073	-0.0	-0.5722201843329895
3793.0	-0.0003519720248706698	-0.9598673676508519	-0.41232533801091686	0.007535518880445398	0.02011816264327131	0.0035229417703084584	-0.0005912135138839952	0.0035347101458533424	-0.0	-0.04123637210828897
1092.0	-0.2874635487877879	-0.19450209968782542	-0.3950100930570275	-0.24368428335218492	-0.19639392960151789	-0.038627577154616496	8.981753315230293e-05	-0.00130095653573638	-0.0	-0.26930924498874903
4201.0	0.0016541350135497426	-0.06288951516391465	-0.012862724330955366	0.008058571670925522	0.013098272557695509	-0.6173461773552305	-0.2058246753558436	-0.30621047081316605	-0.0	-0.48717207688818426
1570.0	-1.1538805166174788	-0.04856728723837807	-0.10776474429018372	-0.06326283732170812	-0.032519136160623734	-0.15584932240048593	-0.013537085098289483	-0.018058464290682974	0.0	-0.11036002168154671
684.0	0.7247470048789219	0.12843854314569458	0.3001136618965372	-0.028881196761632172	0.11762242839697366	0.40789059904567604	0.022031198700927845	0.04279399281774926	0.0	0.3318508157046002
3316.0	-0.2531613020763111	-0.09703883051664942	-0.1490913970941509	-0.36466995415883624	-0.4427682868799903	0.0285575958559927	-0.13585015392399694	-0.09908580850941377	-0.0	-0.04828570664443656
3297.0	-0.012395806759269455	0.02757307577241044	-0.02627276442377087	-0.07549288348430067	-0.15175557438691867	0.026616330587124114	-1.0303515272809796	-0.7602450010346568	-0.0	-0.056986552240647234
126.0	0.4733495032387386	0.3547471658334479	0.610992647685971	0.4699651782479305	0.30605384097454397	0.7893066227473075	0.010978593129762577	0.01147935850858679	-0.0	0.8055225844679599
4202.0	0.014777834625013073	-0.0757322495241668	-0.5564738034055168	-0.03922696030906679	-0.19140030462375554	-0.9102428742157194	-0.030569152654604068	-0.04480966360797251	-0.0	-0.5587260894792616
27.0	-0.0582007623809866	-0.34904160253489797	-1.7063199813338088	-0.04567615115731568	-0.00947292674421167	-0.4755038845253539	-0.04140450911081376	-0.04265856602209931	-0.0	-0.5005425128102567
3307.0	-0.00437072377183022	-0.002377120908069503	-0.0001348888927941919	-1.0193807025019475	-1.3194332841530179	0.08899667470857628	-0.19285126392486174	-0.1661594808139113	-0.0	-0.010145912326787623
1085.0	0.9191359419076448	0.04943552440591088	0.10353246841967027	0.06421849939915272	0.03476047418899059	0.18085627761104398	0.012477214732984836	0.017691687629595984	-0.0	0.1101814104111197
170.0	-0.3581914323220922	-0.007393787607706453	-0.6586550843510215	-0.18793443725298806	-0.09899279689968538	-0.16164185432673409	-0.008338323490815355	-0.05509553601795672	-0.0	-0.4228613717961085
3315.0	-0.23675697072514298	-0.2212662272137487	-0.4255996527380106	-0.4196973117837217	-0.4533154361527077	0.03686469954473352	-0.46977617175403763	-0.3735525517049149	-0.0	-0.11986620253122965
4224.0	0.6112603500140863	0.36681503558057416	0.6230668671684024	0.07417515070873107	0.3271322095399254	1.6083247312921314	0.08754852238349095	0.15297641008323165	-0.0	0.8061555995416556
3191.0	0.04470384686484276	-0.10087665776670914	2.954835052410241	0.2166138251670996	0.1260412152572579	0.7004558906735847	0.05061548307971468	0.04276063281073099	-0.0	0.4672287702313178
3319.0	0.00029486475040966864	0.018162248766259697	-0.0008129367176050663	-1.0005263971650373	-1.2763132808290785	0.09595003517839726	-0.3658774753803401	-0.21781057999353948	-0.0	-0.004009212530484566
3231.0	-0.21247553434894628	-0.10734507696556636	-0.34856465613332266	-0.024310078047019557	-0.13260884460098565	-0.43588906310684317	-0.4148218358281829	-0.055688377426792404	-0.0	-0.3507144450307813
2606.0	-0.5183223172121357	0.01610000902285897	-1.2143340074971534	-0.11193998446071789	-0.05411699351471345	-0.2640473392068095	-0.11922996123674946	-0.11671690066852099	-0.0	-0.2764045611666156
2696.0	0.0757291617251671	0.023910282069072857	0.050240674756980304	0.03423690344293358	0.0225659123961457	0.11286231455901771	0.00014186576336945367	0.004027544820366443	-0.0	0.0594687510609609
3310.0	-0.027283607038962317	0.0419492720659105	-0.02608726447948223	-0.7342133237857907	-0.9864374630154942	0.0644085915629754	-0.19750965377878146	-0.11284505942464347	-0.0	0.010212022336551673
1174.0	-1.5364219353037203	0.012320396363545918	-0.7175591154817897	-0.0753689252925361	-0.02623129222344107	-0.21474388492772792	-0.023183107722095073	-0.01154899288659766	0.0	-0.16262693493789346
3302.0	-0.09764620980630923	-0.11094213565207912	-0.2220660244179473	-0.0809183490120198	-0.07301075464878674	-0.04600128276881086	-0.08469875530615695	-0.22633477332811222	-0.0	-0.07790564413503709
3185.0	-0.4750557392176938	-0.053273497285368475	-0.12054320593598442	0.008033257890611288	0.00949666629668575	-0.5990361151370215	-0.14031980184672097	-0.24601379072397495	-0.0	-0.42384920438886076
3318.0	-0.2322423291863607	-0.018425528837019717	-0.0017723495945568175	-0.552471141434449	-0.7067719454522454	0.06770485487529865	-0.3154921691605762	-0.10803952572199424	-0.0	-0.011225406885807941
