	dataset	gene_GC_content	distance_operon	distance_operon_perc	operon_downstream_genes	ess_gene_operon	gene_length	gene_expression_min	gene_expression_max
890.0	-0.5590926507265042	0.0687625204492639	0.14733382754613705	-0.24536338262683066	0.07353309888028224	0.08578111463017454	0.9330940227961904	0.03285317389347856	0.26051311643857167
4041.0	-0.6467929395094214	0.015054166519887346	0.09127970262983734	0.029933116026359938	0.059861773199144416	0.027652364178987577	0.023269157477954706	-0.10202419555835382	0.1529786366282213
184.0	-0.42055837138888175	-0.02386464272908658	0.07908835799666902	0.057152264784524266	0.05873751035680276	0.037236640230862345	-0.011469935314731422	-0.025252111994768883	0.09736685288421915
3987.0	-0.6802676885625294	-0.08855394739554504	0.03534989148205431	0.13842439971348092	0.1162768692549577	0.039498279034888575	-0.35343697954525155	-0.662871203571465	0.14855609294065622
642.0	-0.17332136294288247	0.06465550652516308	-0.19536085881955473	0.39139024381844356	-0.5360929287016479	-0.571920240074653	-0.670507071569215	-0.06307612743453607	-0.05513953325709765
924.0	0.09083553148729037	0.05649697577634997	0.0377833018656749	0.03221306610807544	0.0018315270430936522	0.009340768743813217	0.1738810691569851	0.04767985900599764	0.00450807377455892
2234.0	-0.2490021376319197	-0.03897071120535299	0.05416280162128675	0.3086913570769123	-0.0943298006410449	-0.06178182757641928	-0.26654823598581023	-0.009128442148293989	0.044895587751364985
26.0	-0.10560521689218914	-0.32073451542113957	-0.2641577347918301	0.0493015151884545	-0.46167778733250203	-0.4196525889301532	-0.770747416319784	-0.006708127544207271	-0.11029211191156887
1084.0	-0.2547442422162556	0.015415298420788844	0.04281410151032334	0.008599671902548924	0.02888883128819793	0.016460294101312244	0.04619369969469113	-0.036241498889491304	0.06873263841535954
3988.0	-0.2667289129714826	-0.11652180059375027	-0.07702258079439447	0.002722359677981994	0.09274659660650525	0.04657243538446227	-0.3236424176810385	-0.7508911016749998	0.06683056520538475
3650.0	0.2109262338021124	0.2741234355998376	-0.21342644980843878	-0.8514247310465197	0.3493028744046181	-0.39123336808497405	0.7048611931543576	0.0743084659597263	-0.10865694696619922
3056.0	-0.17200786823117448	1.027021276291038	-0.4987977189551953	0.7143702154883703	-0.6314088494580374	-0.6539125699817038	-0.5515536715013393	-0.03516931920435956	-0.22601426240481237
4258.0	-0.34362158840469215	-0.47109972632750136	0.172325267446107	0.22755439042825543	0.30711662171080834	0.2346584506263268	-0.9649127675928953	-0.18203121864093502	-0.014379662538843666
177.0	0.4701323089818068	-0.006629193904759495	-0.009656422542457924	-0.19032306326918602	0.06255398462542336	0.10895067305447564	0.2526980094220459	0.5436785578326253	-0.12206915714428361
3178.0	-0.06611050252517904	-0.7672678280145868	0.8199059192125309	-0.8204540735322501	1.303365023725954	1.1129906789753017	-0.5299716556005353	-0.12507663578308803	0.1304089263875376
2231.0	0.12349638384643975	-0.1748703537233984	0.17878274117394855	0.5391454895838804	0.21876291035004958	0.1780497715511351	-0.554917018982836	0.1989256294379814	-0.11204425988678805
1274.0	0.7185830365522048	-0.43943135074479545	-0.46283007960884703	-1.1481810396210939	-0.529568355786292	-0.32537942222901717	0.969285803677551	0.29966646334045277	-0.21714494882240348
3235.0	0.14611201907390742	0.1424310771415887	-0.4370469191226357	1.4741155239745924	-0.6529369353723435	-0.584273326707974	-0.6499745921359684	-0.14437504355178882	-0.4222976930246737
3398.0	-0.13551091084877048	0.032949185485892096	0.19619560548270693	0.35409603569470693	0.21278336979272539	0.1654056509081987	-0.1113310629398151	-0.016714741754637927	0.09106248659351117
3168.0	-0.417082214882101	-0.09278807072549819	-0.4013454992354787	0.010778658339244719	-0.6823663654397885	-0.07181847279566307	-0.9007478546210856	-0.20461816856565498	-0.04621828707070231
1719.0	0.08705913616156657	0.18718405097758925	-0.11138983768051242	0.06422637778502083	-0.30633134518410177	-0.2512613414180723	-0.08451560775769044	0.38547569287248806	-0.0815406967247762
86.0	-0.0239836325553945	0.004558428419980534	-0.17429936169876326	-0.0007532720837125622	-0.24104617717013763	-0.2687246737175341	-0.12852239786224273	0.032596202812963854	-0.025643142088808295
3699.0	-0.19869414037612357	-0.287708292608561	0.20474623043684603	0.3676483498249632	0.23773156600757636	0.20441507051198277	-0.2618283984932121	-0.08794073475644976	0.05563286926525101
3066.0	0.15203116872486994	0.4492234931267124	0.2565973968489763	0.8089042877569155	0.08475838134910801	-0.19395822390042772	-0.2316708709552737	0.1666541535823839	0.16557049246493155
2188.0	0.49367950777085384	0.04877373749554761	-0.05903686650966325	-0.043336671846479574	-0.03068545676456183	-0.012845686459720757	0.020666627715480126	0.05049282222091055	-0.09798891741595717
4143.0	-0.15061227099551877	0.24251503947761444	-1.007705717480152	-0.4837698371249041	-1.487037298979694	-1.213028105087366	0.09146626611041966	0.8382298688263203	0.6087072156456801
470.0	-0.26877344572561235	-0.48322997030182724	0.225610251182516	0.2401029198333512	0.24086260128142686	0.2369231582822269	-0.007121782291590455	-0.04824354550228774	0.0973973405037506
98.0	0.16238129943877744	-0.01953621360992746	-0.030065337024540218	-0.07005096145765409	-0.012598287062702843	-0.03774256796521759	0.21292040437884888	0.08218461348821687	-0.03409502709756494
408.0	-0.9019734627471905	0.09641715522694988	0.41342635919128895	0.9495513127448694	0.19887655378098568	0.3905282868428875	0.658271778748367	-0.136558399713884	0.325102934183165
886.0	-0.10804720465602119	0.10747469275704372	-0.013406501066002646	0.3602448214934653	-0.11060832891883848	-0.10392080189916511	0.008639957478018228	-0.015598030355884522	-0.031841135500028546
4052.0	-0.20381319294693165	-0.19715431325943295	0.502034875453341	0.609780350249316	0.5302971073840577	0.47418100264261154	0.3519104745061632	-0.01009707565391845	0.24623400691308606
54.0	-0.03615608970734535	0.16218505975956235	-0.05677422688475331	0.24828305163035916	-0.3780742020379391	-0.0225151027528375	-0.27948194858649583	0.006740085590013295	-0.010337717281032582
3019.0	-0.09770294173745664	0.16778297817994695	-0.123225756556246	-0.24699696080623135	-0.1549752340941457	-0.14152543547829888	0.13017375347209148	0.021933098166972708	-0.005506050018800005
3067.0	0.31287453770169366	0.08173659797459885	-0.05145523603820924	0.14386112551018754	-0.14409948057653424	-0.1048331891451193	0.09908478890197195	0.33630153117298506	-0.11305321216240247
270.0	0.2336279825560333	1.0469511524321762	-0.2687915053198045	-0.18640551384150822	-0.2039170673094043	-0.3566476387021207	-0.17755048611646432	0.058833121123452285	-0.10349890428694812
420.0	0.037560378886345835	-0.4167361752004559	0.08796480276943565	-0.32744234508174896	0.08642618220437971	0.32910587914164746	-0.19045123932138897	0.037332103269780925	0.11599240228415332
680.0	-0.03192104277688261	0.19675072264307564	0.6832061837001192	1.0817083509143282	0.7575817542101998	0.6254018997133781	0.2359665980197208	-0.05462987659912391	0.2490628867795915
3639.0	-0.26371573570264584	-0.041291855672709474	0.12152082906305076	0.1238826914024331	0.11909953521079522	0.09701426203874322	0.056796094161689695	-0.060593403233019316	0.09601223723895605
3863.0	-0.4694505191921603	-0.3110009673886933	-0.08263798306230812	-0.5907748262817688	-0.15831239085265386	-0.08185492136859265	0.7263583927235979	0.013852101534431109	0.10451565611063446
930.0	0.14959247761144662	0.15015369995591382	0.355965703464185	0.5438795106871441	0.37758606548599283	0.325380247310556	0.3170175218405175	0.26358515718243203	-0.002239484078049971
2926.0	-0.08553827626313809	-0.7177318268123973	-0.6894931912582614	1.620305653912006	-0.8798426372999741	0.0678572593133325	-1.233587938576942	0.3192234638352859	-0.20988866005194165
3835.0	0.149339283412949	0.2553660037903731	0.03834047013923831	-0.3058685701824101	0.11827687606292495	0.08023172163925124	0.01871358456966147	0.05036699473838567	0.05673919174445971
3189.0	0.008435203509635142	-0.4320754977231673	1.4248830694722767	0.011819972941186451	1.599837306913419	1.4443259562612938	1.3548399664028454	0.1097743955125571	0.6709282502083158
3702.0	-0.07494202666154326	-0.3284839069209191	0.4163819379850451	1.199531223562506	-0.20984714164151022	0.019735291799944044	0.21412797232590983	0.13014444029600347	0.25095496637571146
2411.0	-0.2400665817627285	0.7283678802906808	-0.6194837638017943	-1.3954026389752368	-0.27372802409942054	-0.749511815893899	0.4253159101728412	0.03383498437578403	-0.16398928804290053
635.0	-0.9371571214503809	-0.2022347541186212	0.24253975295678076	0.0005766839492168038	0.39043498440777413	0.25908325898478685	0.2815401680185923	-0.1809458746001011	0.16766644694005176
194.0	-0.42589937375313136	-0.4587701137880636	0.5695282795024832	0.7547619595547727	0.6318693862491063	0.558272898729568	0.10582147683972012	-0.23183057757121855	0.2412714301706496
2585.0	-0.18383253069956804	-0.27450165248084496	-0.09146637507394274	-0.19743750532732326	-0.11645828298648934	-0.08143734944164163	-0.09409296858604556	0.06017186884032606	-0.038151103753901905
2514.0	-0.12881789231910473	-0.6185446261170762	0.7448601684652316	0.8493435188524189	0.8156147833004159	0.7660757802670999	0.6507055376764914	-0.05331377167386085	0.2353577453027485
1866.0	0.13338772484357733	-0.39013963688333525	0.8910840440172775	1.3811983232732383	1.0083547962564539	0.892595638322323	0.17805749938683618	0.01015411510117288	0.20967088672770784
188.0	0.2587998546767285	0.9028622234232737	-0.4549653910928134	-0.3829743862822472	-0.486036243815792	-0.5004735590194551	-0.3662219112607067	0.05517498106803408	-0.2004015310059755
3384.0	0.08241632663244597	0.006452729429445328	-0.14118246813309854	-0.40677290618042883	0.02688652467852897	0.025150196819650365	0.04497962677861719	0.043154421288442504	0.0110643416551927
646.0	0.11501044234152262	-1.6569068141421721	-0.46170069150100546	0.29778625402934544	-0.5437038141552027	-0.316777729538948	-0.33857163955775593	-0.20532187184777378	-0.4465113878647353
3030.0	-0.519672117564501	-0.11286451886380855	0.06585178037656593	-0.2648470177313394	0.15107721861604811	0.11383986970688409	-0.08374748233730794	-0.037443581943493315	0.1515422802180501
2472.0	-0.18621646854933246	0.6734860864624274	-1.7379397943056576	0.17848532309518073	-1.1347203825913585	-1.9477020051293246	-2.0951462258204003	-0.3732761666994059	-1.071645365845752
2615.0	0.17149845907871025	-0.07086599629773976	-0.09606898139135572	-0.10620200077538265	-0.08841065760113595	-0.06645093285591319	-0.08223227475925628	0.0003701412187600015	-0.0795905087447149
4262.0	0.004080167730736037	-0.36483276522053143	0.3156432915270088	-0.7829021953039543	0.42453014488067753	0.4083511897282787	0.42508367727294205	0.06344072159253522	0.2182099629137654
2780.0	-0.8248339124650651	0.33875634769619406	0.43805565747910036	1.0158107147338513	0.275712591317147	0.019475736753481514	-0.11136929414133584	-0.3086347005929734	0.31599498651351476
915.0	-0.3198346274010817	-0.20035634356608528	-0.05464240472359375	-0.40166173892701035	0.05973442676384266	0.12366067943262028	0.09013155006661705	0.024929279849285682	0.13314681652907542
3559.0	0.10170869056574161	-1.0312096230469179	0.27790558233163964	-0.6604756381602519	0.5542370035763469	0.5346783028388683	-0.3818948750394935	-0.062495720375102856	0.016787591858312398
2315.0	-0.3948330910396337	0.802662935883122	-0.44694917319430705	-0.5761858204125153	-0.29067377604300904	-0.5800780008495323	-0.5110904313987141	-0.033656480495252536	-0.13320648550493977
3783.0	-0.8801705981238551	-0.8998130839560541	-0.45215891305415695	-0.28846974984614937	-0.5055079916365852	-0.4076150386621135	-0.656410222858979	-0.4793974138307795	-0.06888721150111402
526.0	0.0784062849252823	-0.23195039486759042	0.32037525290221525	0.3847145952543093	0.3504706677841176	0.33237431994698446	0.27778093748367727	0.03135436913566145	0.11344162131613604
922.0	-0.02485742069718816	-0.3840267949104252	0.12827543563499094	-0.8966900251982797	0.6282484207777614	1.1333265025803527	-0.0013975319102395448	-0.3341835220950973	-0.30691631558047583
1118.0	-0.15849958374032605	0.08387252076609325	0.19808558676695573	-1.1749304894874721	0.4271808403407986	0.3573686417983191	0.3155487943660148	0.11918825644436226	0.29470662474906206
3317.0	0.0414994183816721	0.02968450535656487	-0.1798915320464959	-0.056648329847686314	-0.2722934320644178	-0.30227794250773743	-0.14024059837541036	-0.009961773096528431	-0.2145060996352568
3461.0	-0.07178639512907081	0.40122173398529615	-0.7961757324814385	-0.8124980375285719	-0.8647244975438213	-0.8156650601855413	-1.0697546327419134	0.09086422528618479	-0.35588878865154944
657.0	-0.40929029282733626	-0.049417977830035285	0.0782601133761324	0.011978784076168258	0.06965016728680187	0.049079930040621146	-0.007523599138459097	-0.024801089435154425	0.10013843323828803
154.0	0.019520734305635647	0.9711512544940593	-0.8578254381300899	-0.8968862786627243	-0.9324878675496026	-0.9111078057916359	-0.7992774524606013	0.02504641605536143	-0.3500496056990675
3730.0	0.2972470171961598	-0.14386992625110231	-0.4184192568345232	-0.8825054746241272	-0.26138352411311994	-0.06613472780029393	-0.2137570095152756	0.11312607829031196	-0.2630807986563465
414.0	-0.44098892516355476	0.22613603985234057	0.12707671710531676	-0.0945342485070495	0.4859069325992048	0.27184714948186905	-0.05064622317568704	-0.14081003448128043	0.046040635387990914
3997.0	-0.29221401157524957	0.14531748691980934	-0.017322159825477378	0.13582993134000232	-0.013014840981127894	-0.07921180705279736	-0.11783187517047893	-0.06739962239945352	0.025353681453352993
3974.0	-0.26306486282258595	-0.45792018194292394	-0.05223592503579802	-0.155075064053514	-0.06001964527577648	-0.02497226195217813	-0.14544999339697012	-0.06167448917039295	-0.02247591996961834
3966.0	0.21408872135865742	-1.5653953576217208	-0.40372376455526693	-1.6065810292770837	-0.09488506453515419	0.3275900464220287	0.4114067095423122	-0.12783006710944597	-0.3097592694819138
3064.0	-0.16403535187834306	0.002189797049618497	0.02553932841015044	0.01771445819370082	0.016053759511959996	0.0075535040775415105	-0.009941081010545298	-0.004469670211738989	0.035456952648882815
3256.0	0.27461904022035893	-0.5605861357706197	1.2447663928699593	-0.6585058481089356	1.5238320279580309	1.3789177398008214	1.06934029108124	0.07608921180541431	0.4282020649934513
1779.0	-0.1692474032961654	-0.1333899486302395	0.036036264912694745	-0.028930829245464612	0.09417730499732027	0.05432728797832051	-0.0759406666258466	-0.5788634396910379	0.2928280632476403
3705.0	-0.07602276649101934	-0.276698094268605	0.711146269824489	1.0476612468164126	0.7955317699906597	0.6991325976681156	0.2589958398196439	-0.009883662311545971	0.14161479011961003
3843.0	-0.057983632188234796	0.258180803831142	-0.6131364524865415	-0.8067702401018456	-0.6721321943008349	-0.6102046062516343	-0.41514347765203413	-0.012941974973908543	-0.23080828102840195
168.0	-0.08999899188560856	-0.6854892364841187	-0.28701284396990123	-0.7330187858115365	0.06455132689791131	0.0018552193563712016	-0.5653228811290585	-0.18267271601104734	-0.22558574156473446
2323.0	-0.33986034573635715	-0.34232210151042264	0.21565919373538756	0.2558035109995406	0.2922317316351162	0.2529936820815339	0.03333544444633822	-0.5676393474458937	0.08020466158362474
3464.0	0.18172366921597716	0.04190178471728277	0.09403580412104826	0.903179833361052	-0.32367512855734915	-0.5873458695752987	-0.08601695454327928	0.14858384541971068	0.10241970628726177
475.0	-0.16537371519234462	0.08933388385508163	-0.22823906049271203	-0.24690932637251461	-0.2501378455030557	-0.24076066004641197	-0.3329908391965353	-0.02659023822061507	-0.09373810816944111
4261.0	-0.7557379891237075	-0.49528889657530983	0.6097399060457289	0.8473566287061604	0.41255869324160727	0.2576485072579048	0.534962268290846	0.006965062141192999	0.42698514142509514
1209.0	-0.1086851315334882	0.2728103679627293	0.16921144600423638	0.4311035176205788	-0.020725590897453763	-0.15351735131973324	0.34635825262702524	0.08427092278326957	0.18128270577693922
1207.0	0.0437741083359835	-0.03620512819267571	0.15298013145548467	-0.8095444466681359	0.2620044095687509	0.23935188989702988	0.3357906831577347	0.24742228535932614	0.04281460755322765
733.0	-0.4690718663257981	-0.010003319279817048	0.3271317795406864	0.5107817786385037	0.21007850408216294	0.29308333138520115	0.07391001553236742	-0.12291632514302187	0.2157997148984381
3805.0	-0.7054047103944864	-0.007039150905052929	0.12320763171763283	0.07056734202039816	0.11145139948353677	0.05653212332771351	-0.035661119775333934	-0.04030116647112958	0.1550382802744817
96.0	1.1001293029838428	0.12364913637289748	-0.18950769537129125	-0.18833485808119002	-0.23085147724300986	-0.15004919406488937	0.12706496681465412	0.6584691639585861	-0.3000411260337031
3341.0	0.04347419596002282	0.6461424976062498	0.15572450821919664	0.5326213911218467	-0.03451872519908862	-0.0019637968320711935	0.4671281593142014	-0.2746382706210365	-0.2945825879031161
3463.0	-0.5462226330973077	0.8899289195894475	-0.11925090524692815	1.022195464330785	-0.19071819240973942	-0.17715716891672134	-0.7133848286051849	-0.18578823875514938	-0.12326291012846828
1211.0	-0.46655855194211104	-0.08627767218581583	0.23465361909924556	-0.605917647025501	0.22411315111416782	0.07359703941089418	0.35036201964027786	0.10322622153053851	0.35905218264548744
3113.0	-0.1059161643477351	0.045891373550659816	0.6481562150628759	1.169696418213028	0.0783007072288874	-0.0861842901719352	-0.35651077049526003	-0.16625563501792778	-0.1275707419508066
2828.0	-0.3395947961523602	0.022755881479234977	0.6216271226649427	0.767898945639222	0.4149799975806139	0.5876340603211617	0.7778834906918264	0.035978182199530945	0.4020738887001195
3433.0	0.21606828316115156	0.650903639521369	-0.858508752210096	-1.148743679316465	-1.1090788666335707	-0.977630378569613	-0.6422355636260906	1.1552255579196524	-0.026763233593016293
3608.0	0.25777026096253175	1.0361481932284269	-0.41579058834066374	1.161158142586715	-0.5845167955831336	-0.5976372512816204	-0.5315374297540234	0.039021577242525016	-0.29757055437823204
84.0	-0.37224946783858937	0.009464603991639179	-0.052626422646088085	0.08084502547921352	-0.17174466155181628	-0.22222456402373353	-0.13364981027851583	0.011331246286897821	0.05819627622626209
31.0	0.030528029283779033	0.13452999336928437	-0.630117928694204	-0.6700098157943875	-0.6764045606729796	-0.6186193129803622	-0.8414707415928658	0.05827344891457645	-0.28444576240449626
48.0	0.052534536810224575	0.004535915884798491	0.012056417953651873	0.013939276677953501	0.015219874560731591	0.016026489552438447	0.037651216806309666	0.0062486496529535985	0.00036336690152814766
3704.0	-0.21016230173973	0.07925620552659829	-0.05249023127396203	0.0874141597350919	-0.05511917724879961	-0.0701380568680713	-0.1665137629623842	-0.09961524870664026	0.010863829193747052
417.0	-0.4186021747483363	0.5382060799758628	0.09070562216707045	1.6206907953906209	-0.11616565036701042	-0.39595870671566236	-0.48016403758874526	-0.18571921215681228	-0.16789444900959005
640.0	-0.013890830200710164	0.06873209203591177	-0.2941823438334036	-0.8613869204189459	-0.22615518264431334	-0.1297374596169925	0.09943089623536475	0.1589283372162037	0.13621394364988765
25.0	-0.18656633188429106	0.035089776851861355	-0.028901054246754713	0.6438771265452654	-0.6349331193923945	-0.6636334433249649	0.07029594014626415	0.09113958844995274	0.12037232293579408
1116.0	-0.14941339203808454	-0.3769433811513139	0.42634774642974804	1.5773006227475999	-0.3234839781316012	-0.7604593684912527	0.43760145949766843	0.2480771173902036	0.39886507830045637
4084.0	0.15908488672913632	0.8745205886466054	-1.1263042345504664	-1.0658277273964814	-1.1821980316565288	-1.1401133278980367	-1.410065432440795	-0.0393705353423941	-0.5662383491571323
2511.0	-0.11563414745494682	0.030223139761707027	0.17991005443436153	-0.5134580168690792	0.28773690348427994	0.23847137261847334	0.1229793840896291	0.03814999259443956	0.17315001819288045
893.0	0.07505987159311911	0.13447715005204774	0.8898175312414821	1.1994370744430674	0.9668033671118724	0.8396993930487441	0.813705854750546	0.04940119315882065	0.3038521819655797
1215.0	-0.2962560588706743	-0.018092424865389256	0.07445329485944105	-0.0017650236097801753	0.07409099162748646	0.05294039092057508	0.009421938164046795	-0.08465762824348758	0.08799345122343401
181.0	0.2816735649162687	0.040418682702824366	-0.5314785569459537	-0.35219835063010607	-0.43905129591293146	-0.3766600952106278	0.012194866845178811	0.34157144188295857	-0.16113524253816436
3933.0	-0.9228741960670519	0.6105184432777758	-0.20948411798968164	-0.17955288102547073	-0.28423343205536133	-0.35089800186261066	-0.5085196703798011	-0.07475169020231517	0.06076354960273801
3648.0	0.27125618000906515	0.4495594003446135	0.22995400464724286	0.3183853228842988	0.24131948754627003	0.19439444636262943	0.456504334469263	0.10263944772038273	0.11017237954066646
3729.0	0.3727319567695214	0.9558252723538876	-0.4430945701594536	2.8458541273523874	-1.285479307575188	-1.1047019297709821	0.47230278826444594	0.04216289300899362	-0.3553311499463846
2533.0	-0.05582756828939893	0.20618999942013155	-0.34219797889712383	-0.3286426703871256	-0.36368089431127215	-0.3511989282468633	-0.49337724646162484	-0.02670736920180731	-0.15472851085695705
2400.0	0.30269719726337874	0.25048286667374386	0.8933266989037321	1.2811167121718268	0.9680708751259708	0.8381243241656113	0.7444749272303712	0.19424580181632942	0.3008565866462616
2942.0	0.19347645318168208	0.04311033268226118	0.005761295301842016	0.0019611028898962393	-0.02556830557787632	-0.006044131902192083	0.11187383987574055	0.3781094987905812	-0.06543665108682747
2607.0	-0.031000166307482688	-0.4677223279495577	0.4698560522804899	-1.2901895009214086	0.48577423392721003	0.2262342155826971	0.8426719472054671	-0.19156420869459503	-0.3513607435580733
90.0	-0.30620692226874446	-0.08466165562434241	-0.3365815906500918	-0.08869924030734949	-0.27082776544738135	-0.29029485297208707	-0.17421900181608155	0.018950498388782065	0.025542093245478154
1175.0	0.035937579070766446	-1.3570585910147257	-0.6095668059353538	1.0191937010070162	-0.4191861037003103	-0.0446560366755207	-1.1020037747497031	-0.25468237590438825	-0.5696234695172132
166.0	0.2873916137460505	0.26046618933878374	0.027739338676267274	1.2396499130667462	-0.37738679150764476	-0.32488903003642994	-0.24238534099288989	0.4137285647216231	-0.18254520684259534
173.0	-0.9281154341430572	-0.08200591597753581	-0.01569006275461575	-0.11126831982235998	-0.07433607679717835	-0.09628019515916711	-0.22096361938838122	-0.06312612595109104	0.11655493145191134
369.0	-0.06489771326828253	0.2703203840261546	-0.6543508537675518	-0.6895690652034958	-0.6965712421226858	-0.654049766588555	-0.8345414759735468	-0.03385476121797448	-0.3054690796942957
94.0	-0.14320338997106236	0.020311795328077725	-0.39485510947880087	-0.17858586657931763	-0.14593134894921767	-0.16732989092043582	-0.1486044739550649	-0.00016356487119537078	-0.0032701891004943973
3340.0	0.007174771754909756	0.0542246044766631	-0.07294268658449302	0.033895384066622965	-0.02138780170415881	-0.009011874289390742	-0.23575231092891596	-0.13067102970660885	-0.36192901483865536
2235.0	-0.5795222243727673	-0.08932571054384542	0.11852694538878483	0.24937835980224116	0.0757354855101316	0.025330597608297895	-0.052123710924104	-0.0883127113679282	0.10746564905034102
3200.0	0.11349782893341998	0.45172424339971373	-0.3819287917461409	-0.21111665162681403	-0.7528678997026799	-0.21814944280562407	0.08640823302402756	0.20991471859310773	0.036373861534767966
3041.0	0.3399240635171497	-0.2875815939460237	-1.1728774567972269	0.309580064374697	-1.187397817299279	-1.0382352601639857	-1.627375239110406	-0.1269687189434957	-0.7418108350805057
2779.0	-0.24263859417942366	-0.04617281086423651	0.06788468770823411	-0.08060015008724959	0.2500514921266082	0.16974378097265275	-0.17293058236359565	-1.0660916338836253	0.050196233935817625
3320.0	0.2958738237420593	0.15522198844090654	-0.2300664592630692	0.031931132678599934	-0.4358110772372047	-0.46679289591029954	-0.09052286206415007	0.34386556393250933	-0.2543426573423745
3982.0	-0.1513184714741957	0.030603171027007586	0.3019082691752344	-0.22510506904719635	0.3456302988690355	0.29116576894105634	0.3617084197477466	-0.24532146515611758	0.1512560854667283
3018.0	-0.1738936856049215	0.10766845896023411	0.11649257714900356	0.1299038113192025	0.10778235994794896	0.08134660251686325	0.12036946469672674	0.008292407292752373	0.09415568592976409
2412.0	-0.14978571649765998	-0.4798027923250479	0.5532121229663205	0.5391978326940459	0.5861738701474452	0.5624356367008968	0.6385600590435432	-0.0018400762868037886	0.23315975765689084
171.0	0.15063726771876348	0.013906070916479362	0.0031013816599261314	0.010267471992124633	0.00816188870182848	0.013971423532641188	0.05578663834160913	0.04272038371677566	-0.02059983152133872
3250.0	-0.7383502300808205	-0.4904472047448321	0.2555265148985423	-0.30103593974562465	0.2298990166050845	0.15521171286847346	0.1610692266950126	-0.10572280933159853	0.28026764989140873
1210.0	-0.45319623036991297	-0.2407959661546939	0.2569900823198122	0.7718485305399663	-0.10221025473848817	-0.3200635861792364	0.13875737938034133	0.06728490312663105	0.25906176474133996
3303.0	0.22188705808150835	0.31279914370278317	-0.3558577860924943	-0.3633777291459439	-0.47277251799623016	-0.47492329213006346	0.006693181383773311	0.4954748736965163	-0.36449076371469286
4043.0	-0.16086394221036351	-0.2821571579583992	-0.5457574904452878	-0.6956431799237841	-0.36419723309401864	-0.5359654863477848	-0.9606585005785352	-0.10260692056313626	-0.3182911772317207
415.0	-0.29975319727215277	0.047269036226142744	0.044527258103145395	-0.23022181578660922	-0.13189102175397735	0.02954125642802087	0.28025335195122064	-0.022496842079860864	0.17028110629092147
2017.0	0.17337857832750903	-0.9071015866518899	-0.5359957005308946	-0.6938692032684176	-0.3478901465624189	-0.41776839063693605	-0.9895831404795167	-0.16146775224190651	-0.4220387433550933
641.0	-0.041861203658827756	0.2022484388621144	-0.37653275222877913	-0.7947823354688279	-0.5523302729677226	-0.49984246989519054	0.35470301138827887	0.24189502706930602	0.19049834643364433
3308.0	0.003660579832793325	0.03082391939577065	-0.06089593545317182	0.03299712802641411	-0.09443963653029845	-0.11603366236056373	-0.0718848252777715	-0.06835153466931655	-0.09648782738302747
3471.0	0.15676013745696118	-0.7556180070542348	-0.9356366713617726	-1.0598283345149593	-0.9375497121499679	-0.7858718606745334	-1.3889744127083725	-0.1558196976123868	-0.5984643367606196
3201.0	-0.017768030602376104	-0.19107499638212633	-0.30335105846736443	-0.3832595332620189	-0.5273522741625223	0.06880618177848184	0.11006967970589948	0.1149142591613416	0.07120152035027225
2746.0	0.03730150854022073	0.18229926902116783	-0.3140456705579486	0.6033885712401009	-0.332333147856943	-0.3182298439802857	-0.49902600615639403	-0.07009835864280953	-0.2071380475496845
1099.0	-0.06977368674843062	-0.44305131330381003	0.02463444859172694	-1.3068701551439639	0.18455859507315742	0.4279070387542028	0.45936955981542843	0.14670448977172856	0.2865022628224056
1098.0	-0.09987739378474328	-0.4781672268351912	0.05932401945869405	-1.0844364127825554	-0.12132875598009034	0.11218681531691911	0.9026291271805199	0.2830667381767592	0.42969413095435516
1718.0	-0.002683538403624357	0.39628743887873696	-0.24875510422373076	0.046811767860031384	-0.503215116154385	-0.3829039615431381	-0.06625756938879566	-0.033332531033267464	-0.10441933632579198
179.0	-0.0008089295323114973	0.008502913392004766	-0.03413527929768834	-0.003683368593641893	-0.04719144793664095	-0.05004616395606653	-0.01575671036509136	0.007629662099404836	-0.0037188608924692773
1208.0	-0.046201222851762716	-0.06339943885424124	0.17861498373353346	-0.05595252231925244	0.1357120997222593	0.0734637816467447	0.3080602901075571	0.056739075146691034	0.1500190362630707
2515.0	-0.01719555395968656	-0.010248231015148443	0.0763283655024236	0.10631780461674228	0.049153979092825734	0.07699071605887464	0.08253290681200237	0.00363026160080973	0.03904306370348497
4361.0	-0.08414260587903111	0.5470622015798106	0.42604958754123484	-0.8822274856586614	0.32220558768125596	0.4902535560379783	0.8494843507947882	0.22920276291387853	0.4586058647823419
1277.0	-0.043192617629140645	0.2761922301265468	0.2655879970202098	0.30732324975363023	0.26527445134255123	0.21735495280304132	0.4095108633419625	0.04502066771079849	0.1713055098759137
2747.0	-0.015579960131956552	-0.0784692904774445	0.07142027836364634	0.08776009132275359	0.05105351275137335	0.03907724967672507	0.11217306246555503	0.00981985389613769	0.04124384769804137
4160.0	0.09702928494635782	0.10087684103409941	-0.46263720885360193	-0.5902055261805637	-0.30404278349382613	-0.4670604942296054	-0.5832651991361776	-0.051444313455989585	-0.2510082492938128
2595.0	0.1405174497345938	-0.528683697393212	-0.8202727773102478	-0.9587884932957668	-0.8446726365476739	-0.7130274719435313	-1.1531457575864543	-0.06981633512115668	-0.4256712920658966
3314.0	0.011446516472911561	0.013335285042298254	-0.13698810035823755	-0.14164329619123855	-0.09072250306340504	-0.09969081888111285	-0.12327560435085111	-0.12859558588527087	-0.30655127269851773
3305.0	0.0052518902261336	0.06663550471015703	-0.23568072976448057	-0.04610186686848146	-0.36136006806495247	-0.4147070369384544	-0.15731393230313198	-0.14167396187467374	-0.22457322321084114
3300.0	0.008998161382900263	0.07655962733357827	-0.16923385363930396	-0.26552115475680926	-0.02929990679414654	-0.01553567675863491	-0.17084317455211023	-0.15689991627131503	-0.334932580764727
4040.0	0.17539724116565703	-0.3332064894191011	-1.1110605473204838	0.9576931666972737	-1.1856902427915514	-1.0308833738791416	-1.4775213019924418	-0.24523617498398914	-0.7516528562009451
4226.0	-0.023470321862210507	0.09159961357813162	0.15456656368315064	0.19996197645696542	0.17361059434840387	0.1447266550966002	0.2311369645539155	-0.022696532026904165	-0.0025277214596899477
634.0	0.04945720210526007	-0.08458272271931902	0.07897485638318776	0.8774373012540353	-0.07736456640050898	-0.23048816757484072	-0.24483913949451158	-0.12991580934944807	-0.20830177341032527
524.0	0.04523398221176544	0.2485799222050799	-0.310869508891554	0.34174617086339615	-0.33178087333050654	-0.3208155098127371	-0.43705750900407425	-0.04452649093379857	-0.1854101008387449
3701.0	-0.15695881139904802	-0.7841150000389998	0.44207240021472083	-1.2071573915322713	0.44729018953188315	0.8602580159586701	0.8303712470881238	0.16741482825980764	0.48889002261413234
93.0	0.006188405645583566	0.0017476430300506986	-0.3389535975494704	-0.15526265379354343	-0.16174257536583403	-0.17711762091976183	-0.09045404965425499	0.03413551355203537	-0.0281514154417208
3983.0	-0.013918298819624511	0.1472627075812056	-0.12615837057596166	0.370916286730959	-0.44234084462002543	-0.5063666453718894	-0.011104719068886533	-0.1030679216799401	-0.23257757034394544
3295.0	-0.000823181248785493	-0.04699313921008191	-0.03663143975128333	-0.12266028474489996	0.04748323771127386	-0.0004527254652717587	-0.10418040530353408	-0.3393977881694341	-0.26606819498429435
142.0	0.04534291291455787	-0.37077237013130326	-0.37537345678595835	1.2427008533392618	-0.45870097094009554	-0.38433336815627644	-0.7420810708780751	-0.1771896853005862	-0.3622637937395293
918.0	-0.014680982375685867	-0.002664218872547604	0.09333123536665683	0.007130210882537651	0.09581082818388183	0.0865597155805358	0.1282976702073135	0.01183069012245329	0.05352913539544132
639.0	0.008363966211103083	-0.14149781895132155	0.09022565782573538	0.43686754183484	-0.011354640742761168	-0.05442789292253725	-0.14100499702446406	-0.06739806124177217	-0.0844909679537701
474.0	-0.11051553651311026	0.2686046824014699	0.6665936330450093	0.737525331866471	0.6917147435927375	0.5999222491961398	0.9773108273989378	0.032109482371711254	0.32565647197048386
2567.0	0.034539709367007274	-0.3330794835457685	-0.03475309282730796	-0.3665396621521422	0.30928092338905616	0.203195350184195	-0.18380621360061505	-0.10296136198747796	-0.10719390131738749
95.0	0.006697971819381802	-0.03893928112058634	-0.36290661354142095	-0.19627399857163447	-0.10793402785335848	-0.10607058019933308	-0.10442921817066408	0.009680963995548346	-0.04786389150333902
2614.0	0.1558459411296167	-0.9263760363936451	-0.9710573283091518	-1.2002135787421753	-1.0202645415410172	-0.8322432934125772	-1.4543041133049122	-0.007523592639402929	-0.3910215768650257
3985.0	0.005060063353186152	-0.016252763934046573	-0.06535849142989769	0.055842321318540306	-0.036694270790943645	-0.06870057323497883	-0.08441143950149559	-0.16426133501088214	-0.22018028665800296
1093.0	-0.019070378605418093	0.16204742419058585	-0.36518706515328614	-0.786226026030959	-0.20249279766255715	-0.12848119912464503	0.14579462799828724	0.03903695946905215	0.02745650365173262
1288.0	-0.11559224255039578	-0.10204689387673657	0.6605037024620241	0.7179281588342515	0.7075954816111132	0.6392178808604123	0.8751274245265728	-0.03476534058129717	0.24015374979012885
1912.0	0.06312894124182201	-0.05974091466454341	-0.3905234941263862	-0.38694983206302613	-0.39648528380717285	-0.35671699656530453	-0.6050799567135188	-0.04840632299864004	-0.22778680628436743
175.0	-0.07399585742212655	0.34808507558613977	0.4124166706499115	0.5075448464229169	0.42171736529975895	0.34715640254764824	0.5429690240890013	0.04593110353797164	0.23149968126367884
914.0	-0.1154329606850476	1.0076722184470603	-0.7375321212037957	-0.7674657520639921	-0.7760477220502411	-0.6280156948233923	-0.7773723668295134	0.2771592526420329	0.1488255209888808
2925.0	0.0034334820484117896	-0.015192354157388458	0.00017338345532064194	0.12601779545429914	-0.037330094595514174	-0.02813468697478875	-0.014456040566538967	0.024152098082623183	0.015086448597254852
3177.0	0.1863524498517103	-0.7325519113992919	-0.7915742476490711	-1.346941678140877	-0.4923521425324742	-0.1951734632848827	-1.1773727522927318	-0.23497368492499243	-0.587729334508298
3972.0	-0.03189092697618135	0.6344693645051744	0.11805028049647429	0.32586948081479106	0.050860092856574106	-0.04799763523260619	0.15642388692748033	0.07148463488878387	0.12129551367321202
1204.0	0.06146852543944478	-0.4816253897926146	-0.3466098654773312	-0.47831240132030417	-0.22069583131178677	-0.2893358675803286	-0.5730668836609802	-0.08677578103933331	-0.24695108392966325
1117.0	-0.10150831677955593	-0.7394941974349589	0.3516415953343378	-0.7659626075578922	0.3460898161387962	0.25266487483842276	0.8614010755654682	0.16595274445503122	0.3746732689782355
4059.0	-0.05387246871356213	-0.553320885906195	0.32742101391822886	0.21961628173651987	0.3460309803053626	0.36438054089030436	0.4917876566444987	-0.006611778962170082	0.15024407638024892
891.0	0.01607443016246335	-0.07590945445899092	-0.08945644630616824	-0.11656049464557107	-0.05864154334481228	-0.08002424647845956	-0.1442800063864285	-0.01812457897136657	-0.05811072118615378
1356.0	0.003469456088982705	-0.10224538571305995	-0.023175085468025085	-0.03926418676593517	-0.021216246454616183	-0.010509772501953812	-0.04008373258137493	-0.010223676105317773	-0.02096100448215419
3288.0	0.11697612925554443	0.11157995531580944	-0.7034702396936505	0.6121486734445059	-0.7707648030256461	-0.6951920982491697	-0.8848469488167374	-0.11627493139864703	-0.43446075675827245
87.0	0.003948159067168659	0.03850418337092133	-0.23552406844598328	-0.0212898599459923	-0.28419408950118374	-0.31308286108297	-0.13626438585542844	0.04395502429023149	-0.03406732834835983
3967.0	-0.00018787067458542715	0.00043952767217270844	0.0009136244789789555	-0.004282261054543379	0.0015150609517571578	0.0013086083946969307	0.0019054510536280767	0.000491074318722029	0.0010778738193741727
1689.0	0.05621666422806823	-1.0062241584063236	-0.3831837069112808	-0.5178764326556655	-0.36417302813477415	-0.24781024492957718	-0.6736253130529459	-0.12246004318484138	-0.30442250122345965
1662.0	0.0370721666179214	-0.48028378825610135	-0.2266711416919293	-0.30989575344023745	-0.22203989730920853	-0.15936292439224353	-0.3471017136878205	-0.055608966144581246	-0.15700361457033057
3304.0	0.005900491123848851	-0.036883316954952304	-0.10283671620275274	-0.039187227337780024	-0.10745277670975632	-0.12406011213560333	-0.08584812210925201	-0.14402650940984899	-0.18873734978166398
583.0	0.03180559013951745	-0.779201379655765	-0.13674236959128283	1.2073440773868582	-0.3224614156540764	-0.22263286628022386	-0.5378346323280968	-0.1953467114820333	-0.32142581456525454
4168.0	0.01542040879445337	-0.06635205220677352	0.08271017919102733	-0.08541472629155303	0.44061631783085287	-0.04566287514035999	-0.13428088869040972	-0.08779727544685476	-0.06862007966230685
3176.0	0.1888419130105873	0.9603419545603694	-0.8371720148715114	1.2819309141317192	-1.0824672459017468	-1.0197884574850518	-0.7379143029211858	-0.06399257303831814	-0.4992391122826146
923.0	0.0435951982489395	-0.19664838973114054	0.00538406298804678	0.1023888301579351	-0.08500016921051934	0.0016153596806880513	-0.35644003312482014	-0.11182330956084378	-0.1698456409996496
3199.0	-0.0037910194822563022	0.5327237106155007	-0.24073372553107103	-0.013190409807147491	-0.5457495696228207	-0.27666018694332706	-0.0037245830326604534	0.13309939970860157	0.05403185438255334
1212.0	-0.009674896221880353	-0.11424889306009017	0.033072173615445205	-0.2684927994278922	0.08035619049225542	0.08175714436306633	0.09863689684649163	0.0189736866276252	0.04848161980368492
3804.0	0.19798859337968372	0.05849548018785971	-0.6835934415504792	0.10827750361034834	-0.0424693185368461	-1.0529794789776699	-1.6041369568410109	-0.32677124099059385	-0.7335161227815088
3462.0	0.042363869445962724	0.1484788838021423	-0.12091344439305157	0.9876898944957297	-0.31032204667973773	-0.28400117316393736	-0.30347309007891826	-0.08210725887909417	-0.17805205775319274
3301.0	-0.010763918754112492	-0.1812115464538963	-0.20802539308090467	-0.6328711817729923	-0.0640357414514028	-0.0050753958899830715	0.14311648861071602	-0.25131288906475363	-0.0993743723968987
3981.0	-0.08801582062185316	-0.3809894228813385	0.4678186142361266	0.5399808195053389	0.3489601274833265	0.2717420776479388	0.8634761735345035	0.06346920044456457	0.23663038394811092
3342.0	0.0016876125091743678	-0.0397983932547851	-0.02742519962054004	0.12284380208415714	-0.03478028403505847	-0.04319805808248465	-0.04701936847983716	-0.1820906954571195	-0.2574693314716256
3021.0	0.010782422715710184	-0.3969139728605144	-0.10284776759204162	0.06031257774035981	-0.0915317519811806	-0.0489857488812126	-0.17249676622903531	-0.052200879920546395	-0.09495796565974557
3634.0	0.02717417299414472	0.06946041947359669	-0.22156775947015916	0.6804741891175077	-0.265870211479069	-0.24774125173505085	-0.409992488774216	-0.07562794333336781	-0.1822132289684842
3306.0	0.00461907645806762	0.03519304945479669	-0.08115976380196478	0.019669334213016303	-0.10883211169523799	-0.1343050013324288	-0.08536253270110025	-0.11825024550825289	-0.1313308658854011
2949.0	0.044384283544759984	0.11293478706211632	-0.3930489125362456	0.6627321155708479	-0.40072345540015514	-0.37509060169361175	-0.6218151609711078	-0.08739674211522369	-0.25501967144453025
3183.0	-0.008635786920243367	-0.027131773131298973	0.031124846738093296	-0.14691988955050309	0.0569819632946883	0.05197165339518795	0.04913158078249371	0.012735725493435875	0.03375504975906518
3309.0	0.0041922203673350885	0.08145965646300675	-0.07332800963195998	0.05187205870262175	-0.12528252916589674	-0.1566276397278502	-0.0791790895020476	-0.07277822829882291	-0.09657596211209865
2559.0	0.08200085843931812	0.6226271110474556	-0.6689860383706133	1.2502932277764591	-0.7133250690922106	-0.7029291768011173	-1.0458129066847675	-0.1278441764953132	-0.423418135064331
2316.0	-0.08758951339620741	-0.4784244226024275	0.4739423071912665	0.4622484000685787	0.5185274542300915	0.5014258740155827	0.5692783969300738	-0.06532643359873394	0.14987480469435924
97.0	-0.02326794555564939	-0.04414285038640385	0.10226988293663991	0.15732016233070428	0.017921456252647926	0.04874035891011715	0.1994554067068939	0.030150079427472748	0.07166783371096064
529.0	0.13312520351776758	0.39316541357737267	-0.662900369579248	-0.7595646239114127	-0.4515461034769237	-0.6935341641598345	-0.8989076583020554	-0.060490670214413775	-0.36370011542911207
2478.0	0.10794315374154413	-0.29923380814919354	-0.5333449993211254	-0.7644105763855249	-0.35574468893148536	-0.5065831107088269	-0.7058419882369169	0.008370548084464541	-0.2716354066673112
3255.0	-0.08280129226615861	0.28052896960962564	0.4314240817179954	0.8027823673846579	0.34324851099565	0.1664519901002786	0.7607730062219935	-0.10759779093557806	-0.09087277236716554
3793.0	0.0016387246038508036	0.0009182585979575779	-0.23838255117254484	-0.2054032880299269	-0.06837936709991961	-0.039304401237907724	-0.06394379815731402	0.021818252754839857	-0.008087668872524992
1092.0	-0.028012825539767337	-0.3387241173385258	-0.3250530523044698	-0.5126277910689157	-0.3718474687625446	-0.30457320674751226	0.014948509103840735	0.06260001840910588	0.02043541361207535
4201.0	-0.053145768313107	0.02298949045120476	0.29910911270903956	-0.10870023770280252	0.07290028016029634	0.15030037351450712	0.6653700662769215	-0.2712917783338167	-0.2727112249830944
1570.0	-0.01388351520350721	0.3366625933245985	0.0945331957862703	0.14563533588632	0.08874520032649569	0.051989849593247275	0.16541113945687863	0.034643134850015425	0.07694635851530529
684.0	0.05072935076290343	-0.547731858122571	-0.2625987800935691	-0.45152828918116683	-0.035821628154512446	-0.22064561410834882	-0.4871067275352449	-0.09233014844507054	-0.2077217853406781
3316.0	0.0033954928399724076	0.1781155124621556	-0.14803552245288976	-0.13177007955918965	-0.21282598291968885	-0.2458474196567717	-0.030455724424679354	-0.03654413609248382	-0.08022098240027221
3297.0	-0.00031912725321405334	0.029187788274447735	-0.0441045949353346	0.09982331410153548	-0.05595461892336909	-0.12014388276283003	-0.050107578633492314	-0.22963288661247747	-0.23109610045638618
126.0	0.13568872509391827	-0.6891938391964383	-0.8203853354687782	-0.9970156573133493	-0.855069305819127	-0.7060196753434578	-1.1921134631774866	-0.036499236932545615	-0.36463827762525103
4202.0	-0.04781169793961689	-0.12112302882197892	0.42116198857530684	-0.7109470527958139	0.36806815990109454	0.5020070987187927	0.7908906804617102	-0.14062537918981724	0.03125242581733019
27.0	-0.032369513037707645	-0.21881117099644137	-0.355103284112533	-1.2486621978770631	-0.19081987786955878	-0.045405757060481486	0.469660413545369	0.1992008978976384	0.20920595760973212
3307.0	0.0036182381497668415	0.05793370247313786	-0.1781222122512393	0.03164014272285974	-0.34300961534457497	-0.39692513159603365	-0.10448532503163112	-0.03565112901039503	-0.1256125218152967
1085.0	0.013835228059275504	-0.2963723469392671	-0.09663911761481263	-0.13839501956072991	-0.09159017356157806	-0.05842949256501758	-0.17322467440606934	-0.03197010796584356	-0.07581371032304812
170.0	-0.03272781781802644	0.31104883650269033	0.21527597483481525	-0.6305953632133956	0.33455332715678343	0.2526854137242669	0.2973537943195667	-0.10329617560489368	-0.018174825154473204
3315.0	0.007189791312183363	0.24283126458778403	-0.2874730943277357	-0.36637252713050583	-0.3304846133706031	-0.3712961674327597	-0.053731325622800495	-0.16591900405118765	-0.23473979424987867
4224.0	0.12289006691537077	-0.7501022992502895	-0.7846781291128384	-0.9191463097358408	-0.5289559707124444	-0.6864425391721808	-1.475305865072786	-0.20250440562745115	-0.5681056825888349
3191.0	0.025956415286047533	0.21965472702352756	-0.13503064781473478	1.2614371360120835	-0.3299738071241736	-0.32122271575985406	-0.5752357962354746	-0.10700667681161154	-0.22359082111781636
3319.0	0.0030656520625719687	0.03819433048661774	-0.17213601226270214	0.046388352041874976	-0.32729208661596176	-0.3804417700852085	-0.1446234327443558	-0.07835721717383227	-0.14159332025184723
3231.0	-0.04901366423073222	0.2672281337011502	0.29512460352430103	0.488793038647018	0.25813972771896465	0.31121444486166205	0.44858907312675866	-0.3134572099508947	-0.028394020881039823
2606.0	-0.008583949071109433	0.25979157526684815	0.11228307397216555	-0.5936569329955629	0.2070001265080675	0.15010672624838647	0.24175957282018812	-0.12043029039338227	-0.03855831022303728
2696.0	0.007721441244203233	-0.06867145168956158	-0.05852977197394056	-0.07607852505636818	-0.06516141167551034	-0.051874355133892436	-0.10189359194923713	0.011910868502147752	-0.003525730810485787
3310.0	0.0022721454747265763	0.046526149949530804	-0.07546739957490473	0.0532720331174654	-0.15770578304059651	-0.18836157110062599	-0.06761069933624227	-0.0272373795716272	-0.05893972370464582
1174.0	-0.006875990974438985	0.39720463315135146	0.08663325763240354	-0.34281825689518186	0.103670653712119	0.059586390903311574	0.20336355893135255	0.0672296206766723	0.09857885140738923
3302.0	0.0034492487913664062	0.1040451610152208	-0.12106947105512543	-0.19002861497956053	-0.10330677288332843	-0.1073157834099763	0.029005310877379568	-0.039871463948021	-0.12257823160125629
3185.0	-0.04315357185031375	0.5201143340082142	0.20540276130360213	0.39809337842579956	0.02930490082229991	0.050227077179134806	0.5421633855914932	-0.1596716333387813	-0.18977936766304093
3318.0	0.0027904308144479487	0.14997768438968923	-0.11898393843847493	0.008505206985714648	-0.21135053960629085	-0.25432032999461274	-0.06956604116031727	-0.06740466304539154	-0.07790039517730826
