gene_name	start	end	gene_strand	gene_length	gene_GC_content	biotype	genome_pos	sequence	sequence_30nt	seq_60nt	PAM	guide_strand	guide_GC_content	distance_start_codon	distance_start_codon_perc	off_target_90_100	off_target_80_90	off_target_70_80	off_target_60_70	MFE_hybrid_seed	MFE_hybrid_full	MFE_homodimer_guide	MFE_monomer_guide	homopolymers	intergenic	E.coli_rep1	E.coli_rep2	E.coli_rep3	Salmonella_rep1	Salmonella_rep2	Salmonella_rep3	Salmonella_rep4	pasteur_score	Doench_score(with aa)	Doench_score(without aa)	DeepSpCas9	TUSCAN	SSC	spacer_self_fold	RNA_DNA_eng	DNA_DNA_opening	CRISPRoff_score	if_promoter
degfp	366	1043	+	678	61.06	protein_coding	367	AACGCCAGTGAAAAGCTCCA	GAACAACGCCAGTGAAAAGCTCCATGGTAT	AGCTCGACCAGGATGGGAACAACGCCAGTGAAAAGCTCCATGGTATATCTCCTTCTTAAA	TGG	-	50	1	0.147492625368732	0	0	1	5	-7.95	-26.25	-4.8	0.0	4	0	-5.089973	-3.565175	-4.988773	-5.731857	-5.859639	-6.026941	-5.831475	-0.713279029051787	0.666991224015	0.66108288615	67.592887878418	1.68204929270851	0.098	0.0	-28.7	28.0	24.4158259804461	1.0
degfp	366	1043	+	678	61.06	protein_coding	394	GCCGTCCAGCTCGACCAGGA	CGTCGCCGTCCAGCTCGACCAGGATGGGAA	AACTTGTGGCCGTTTACGTCGCCGTCCAGCTCGACCAGGATGGGAACAACGCCAGTGAAA	TGG	-	70	28	4.12979351032448	0	0	3	7	-9.6	-30.3	-13.9	-2.1	2	0	-3.920837	-4.383075	-4.138486	-6.305475	-6.240905	-6.338188	-6.300332	-2.34038744160704	0.582436821571	0.562631763439	42.6392555236816	1.67287501476118	0.1103	-2.1	-32.85	31.0	26.5522834806855	1.0
degfp	366	1043	+	678	61.06	protein_coding	398	CGTCGCCGTCCAGCTCGACC	TTTACGTCGCCGTCCAGCTCGACCAGGATG	GCTGAACTTGTGGCCGTTTACGTCGCCGTCCAGCTCGACCAGGATGGGAACAACGCCAGT	AGG	-	75	32	4.71976401179941	0	1	4	11	-9.75	-29.65	-12.5	-2.5	2	0	-4.979297	-4.847791	-5.062858	-6.11898	-5.985946	-6.102958	-6.329603	0.620539608758227	0.57909751362	0.564714593989	54.2399406433106	1.25366580855787	0.0317	-2.5	-32.2	32.21	23.6512301928386	1.0
degfp	366	1043	+	678	61.06	protein_coding	469	CTTCAGGGTCAGCTTGCCGT	TGAACTTCAGGGTCAGCTTGCCGTAGGTGG	TTGCCGGTGGTGCAGATGAACTTCAGGGTCAGCTTGCCGTAGGTGGCATCGCCCTCGCCC	AGG	-	60	103	15.1917404129794	0	0	1	13	-7.5	-26.6	-14.5	-2.0	3	0	-3.358157	-3.317766	-3.420482	-4.178837	-4.006815	-4.026487	-4.035651	-0.867617359353514	0.628726888775	0.605982925924	58.0174789428711	0.167890138971731	-0.0784	-2.0	-29.15	29.12	19.5829663670863	1.0
degfp	366	1043	+	678	61.06	protein_coding	517	CACGAGGGTGGGCCAGGGCA	TGGTCACGAGGGTGGGCCAGGGCACGGGCA	ACGCCGTAGGTCAGGGTGGTCACGAGGGTGGGCCAGGGCACGGGCAGCTTGCCGGTGGTG	CGG	-	75	151	22.2713864306785	0	0	0	0	-11.5	-36.3	-12.8	-2.6	3	0	-5.590988	-5.146154	-5.216475	-6.102795	-5.895523	-5.699091	-5.761315	-1.09471864390476	0.425382667493	0.381708302408	32.9990234375	2.36393801463004	0.1195	-2.6	-38.75	32.07	35.0535893193356	1.0
degfp	366	1043	+	678	61.06	protein_coding	533	CGTAGGTCAGGGTGGTCACG	ACGCCGTAGGTCAGGGTGGTCACGAGGGTG	GCGGCTGAAGCACTGCACGCCGTAGGTCAGGGTGGTCACGAGGGTGGGCCAGGGCACGGG	AGG	-	65	167	24.6312684365782	0	0	1	1	-9.0	-29.55	-9.4	-0.8	3	0	-3.991835	-3.909698	-3.775856	-4.934725	-5.112001	-5.121364	-5.10555	-1.32549249546208	0.59359785785	0.547129442849	55.6318588256836	1.88273631995747	-0.0478	-0.8	-32.1	28.99	28.6459218370414	1.0
degfp	366	1043	+	678	61.06	protein_coding	578	CGTGCTGCTTCATGTGGTCG	AAGTCGTGCTGCTTCATGTGGTCGGGGTAG	CATGGCGGACTTGAAGAAGTCGTGCTGCTTCATGTGGTCGGGGTAGCGGCTGAAGCACTG	GGG	-	60	212	31.2684365781711	0	0	0	4	-8.7	-25.65	-9.7	-3.3	2	0	-1.994297	-2.098065	-2.124819	-2.637529	-2.620035	-2.698756	-2.080352	0.07885120005249	0.62799263596	0.577780161029	55.4989318847656	1.12041435002098	-0.1028	-3.3	-28.2	29.27	19.0629486446896	1.0
degfp	366	1043	+	678	61.06	protein_coding	613	GACGTAGCCTTCGGGCATGG	CCTGGACGTAGCCTTCGGGCATGGCGGACT	AAGAAGATGGTGCGCTCCTGGACGTAGCCTTCGGGCATGGCGGACTTGAAGAAGTCGTGC	CGG	-	65	247	36.4306784660767	0	0	0	9	-12.25	-29.95	-16.1	-5.7	3	0	-6.015285	-5.887146	-5.846729	-7.678845	-7.500698	-7.511077	-7.375273	0.217542801226714	0.654716334391	0.685660252368	69.6485977172852	2.2661913278598	0.0384	-5.7	-32.5	29.58	23.8756685782233	1.0
degfp	366	1043	+	678	61.06	protein_coding	616	CTGGACGTAGCCTTCGGGCA	GCTCCTGGACGTAGCCTTCGGGCATGGCGG	TTGAAGAAGATGGTGCGCTCCTGGACGTAGCCTTCGGGCATGGCGGACTTGAAGAAGTCG	TGG	-	65	250	36.8731563421829	0	0	0	4	-10.15	-29.8	-13.7	-4.5	3	0	-3.949473	-3.735718	-4.168856	-4.607243	-4.648453	-4.582481	-4.632728	-0.216721008018113	0.523835050286	0.527798157069	40.2093620300293	0.683847735948453	-0.1283	-4.5	-32.25	29.98	25.1222172965079	1.0
degfp	366	1043	+	678	61.06	protein_coding	621	CGCTCCTGGACGTAGCCTTC	GGTGCGCTCCTGGACGTAGCCTTCGGGCAT	CGTCCTTGAAGAAGATGGTGCGCTCCTGGACGTAGCCTTCGGGCATGGCGGACTTGAAGA	GGG	-	65	255	37.6106194690265	0	0	0	1	-7.0	-27.75	-9.7	-1.1	2	0				-6.405866	-5.597528	-5.642648	-5.788855	0.681599773008599	0.373535446358	0.380120339906	22.2919864654541	0.854901233155499	-0.1241	-1.1	-30.3	29.27	24.0334755231318	1.0
degfp	366	1043	+	678	61.06	protein_coding	680	CCTCGAACTTCACCTCGGCG	TCGCCCTCGAACTTCACCTCGGCGCGGGTC	GCGGTTCACCAGGGTGTCGCCCTCGAACTTCACCTCGGCGCGGGTCTTGTAGTTGCCGTC	CGG	-	65	314	46.3126843657817	0	0	0	4	-10.95	-27.15	-4.5	-1.5	2	0	-3.81811	-4.028239	-3.996528	-5.623611	-5.864518	-5.706861	-5.804355	-0.645584833227501	0.635212978778	0.628520116058	52.3632888793945	2.09908817168897	0.0298	-1.5	-29.7	29.64	24.0370852734683	1.0
degfp	366	1043	+	678	61.06	protein_coding	685	GTCGCCCTCGAACTTCACCT	GGGTGTCGCCCTCGAACTTCACCTCGGCGC	TCGATGCGGTTCACCAGGGTGTCGCCCTCGAACTTCACCTCGGCGCGGGTCTTGTAGTTG	CGG	-	60	319	47.0501474926254	0	0	0	2	-5.8	-25.5	-4.1	0.0	3	0	-5.624443	-5.702899	-5.811208	-6.656947	-6.684422	-6.6873	-6.79516	1.07108475424634	0.609693599347	0.64316674681	69.5543518066406	1.60542774132893	0.0603	0.0	-28.05	28.91	21.9257937497162	1.0
degfp	366	1043	+	678	61.06	protein_coding	719	CGATGCCCTTCAGCTCGATG	AAGTCGATGCCCTTCAGCTCGATGCGGTTC	GTTGCCGTCCTCCTTGAAGTCGATGCCCTTCAGCTCGATGCGGTTCACCAGGGTGTCGCC	CGG	-	60	353	52.0648967551622	0	1	1	4	-8.05	-25.75	-8.4	-3.2	3	0	-4.23925	-4.052613	-4.066703	-4.496758	-4.557317	-4.559664	-4.504473	-0.006316122429584	0.706669085228	0.698477094207	57.2809524536133	2.43325988143448	0.04	-3.2	-28.3	28.65	18.9367943508111	1.0
degfp	366	1043	+	678	61.06	protein_coding	817	GATGCCGTTCTTCTGCTTGT	CCTTGATGCCGTTCTTCTGCTTGTCGGCCA	CGGATCTTGAAGTTCACCTTGATGCCGTTCTTCTGCTTGTCGGCCATGATATAGACGTTG	CGG	-	50	451	66.5191740412979	0	0	3	19	-6.2	-21.9	-2.8	0.0	2	0	-6.351861	-6.169982	-6.231992	-5.97177	-5.953964	-6.187308	-5.963875	1.05710295505513	0.483784721717	0.466511564323	22.3329677581787	0.837145961562272	-0.1435	0.0	-24.45	27.34	17.2167094456759	1.0
degfp	366	1043	+	678	61.06	protein_coding	857	TGCCGTCCTCGATGTTGTGG	ACGCTGCCGTCCTCGATGTTGTGGCGGATC	GTGGTCGGCGAGCTGCACGCTGCCGTCCTCGATGTTGTGGCGGATCTTGAAGTTCACCTT	CGG	-	60	491	72.4188790560472	0	0	0	3	-7.3	-26.4	-10.8	-0.8	2	0	-4.178512	-3.852026	-3.782302	-6.092972	-6.125436	-6.145975	-5.96277	-0.530437166073587	0.60001729207	0.607378592447	51.7492141723633	1.18661553835931	0.0814	-0.8	-28.95	29.28	22.9827706863546	1.0
degfp	366	1043	+	678	61.06	protein_coding	892	GGTGTTCTGCTGGTAGTGGT	TGGGGGTGTTCTGCTGGTAGTGGTCGGCGA	ACGGGGCCGTCGCCGATGGGGGTGTTCTGCTGGTAGTGGTCGGCGAGCTGCACGCTGCCG	CGG	-	55	526	77.5811209439528	0	0	7	12	-7.4	-26.4	-12.8	-1.2	2	0	-2.958489	-3.663865	-3.52678	-4.414888	-4.348553	-4.450493	-4.547037	0.148062192486613	0.483206228706	0.547022306679	65.4449844360352	1.21052819219589	-0.0096	-1.2	-28.95	27.48	24.0827488232091	1.0
degfp	366	1043	+	678	61.06	protein_coding	913	CACGGGGCCGTCGCCGATGG	GCAGCACGGGGCCGTCGCCGATGGGGGTGT	TAGTGGTTGTCGGGCAGCAGCACGGGGCCGTCGCCGATGGGGGTGTTCTGCTGGTAGTGG	GGG	-	80	547	80.6784660766962	0	0	3	6	-10.65	-34.85	-17.6	-4.6	4	0	-1.962947	-2.071739	-2.189839	-3.493036	-3.537466	-3.518832	-3.538502	-0.416322832365717	0.47832079525	0.5340317577	56.9390029907227	1.85641446554845	0.0863	-4.6	-37.4	33.46	28.737264990314	1.0
degfp	366	1043	+	678	61.06	protein_coding	916	CAGCACGGGGCCGTCGCCGA	GCAGCAGCACGGGGCCGTCGCCGATGGGGG	AGGTAGTGGTTGTCGGGCAGCAGCACGGGGCCGTCGCCGATGGGGGTGTTCTGCTGGTAG	TGG	-	80	550	81.1209439528024	0	0	0	4	-9.3	-34.6	-16.3	-3.9	4	0	-2.189839	-2.20847	-2.263615	-6.175675	-6.405478	-6.249386	-6.285515	-1.50834148874994	0.328096207751	0.341177834663	42.0561447143555	1.71346824758841	0.0587	-3.9	-37.15	34.26	27.2058668550529	1.0
degfp	366	1043	+	678	61.06	protein_coding	986	TGTGATCGCGCTTCTCGTTG	ACCATGTGATCGCGCTTCTCGTTGGGGTCT	CACGAACTCCAGCAGGACCATGTGATCGCGCTTCTCGTTGGGGTCTTTGCTCAGGGCGGA	GGG	-	55	620	91.4454277286136	0	0	6	7	-5.7	-23.6	-12.6	-0.8	2	0	-1.667689	-1.71884	-1.807911	-2.322824	-2.362442	-2.38457		0.260568749573635	0.52644071843	0.579138410299	53.0150871276855	2.87556941393673	0.0234	-0.8	-26.15	28.86	17.1425915204041	1.0
