gene_name	start	end	gene_strand	gene_length	gene_GC_content	biotype	genome_pos	sequence	sequence_30nt	seq_60nt	PAM	guide_strand	guide_GC_content	distance_start_codon	distance_start_codon_perc	off_target_90_100	off_target_80_90	off_target_70_80	off_target_60_70	MFE_hybrid_seed	MFE_hybrid_full	MFE_homodimer_guide	MFE_monomer_guide	homopolymers	intergenic	pasteur_score	measured_activity	Doench_score(with aa)	Doench_score(without aa)	DeepSpCas9	TUSCAN	SSC	spacer_self_fold	RNA_DNA_eng	DNA_DNA_opening	CRISPRoff_score
lacZ	363231	366305	-	3075	56.26	protein_coding	366143	GGCTGCGCAACTGTTGGGAA	TTCAGGCTGCGCAACTGTTGGGAAGGGCGA	AAAGCGCCATTCGCCATTCAGGCTGCGCAACTGTTGGGAAGGGCGATCGGTGCGGGCCTC	GGG	+	60	143	4.65040650406504	1	1	4	9	-8.2	-29.9	-12.9	-0.6	3	0	-0.230814211161918	-0.976843500545683	0.570552579239	0.569946264662	44.5036125183106	0.933080090249021	0.0604	-0.6	-32.45	29.95	27.5016858209696
lacZ	363231	366305	-	3075	56.26	protein_coding	366085	CAGCTTTCCGGCACCGCTTC	CAGCCAGCTTTCCGGCACCGCTTCTGGTGC	CAGGAAGATCGCACTCCAGCCAGCTTTCCGGCACCGCTTCTGGTGCCGGAAACCAGGCAA	TGG	+	65	201	6.53658536585366	2	0	5	39	-8.4	-27.15	-10.7	-1.5	3	0	0.077290877489507	-1.78967832265297	0.199474504619	0.176669955956	11.6533985137939	0.599208052382892	-0.1257	-1.5	-29.7	30.36	23.061000777558
lacZ	363231	366305	-	3075	56.26	protein_coding	366023	CGTGCATCTGCCAGTTTGAG	TAACCGTGCATCTGCCAGTTTGAGGGGACG	GTAGATGGGCGCATCGTAACCGTGCATCTGCCAGTTTGAGGGGACGACGACAGTATCGGC	GGG	+	55	263	8.55284552845528	3	1	3	28	-5.2	-24.05	-6.5	-0.3	3	0	-0.172496203555569	-0.401554223911494	0.664496245279	0.599503691794	51.7364044189453	2.74302093656444	0.0064	-0.3	-26.6	27.94	21.048817036749
lacZ	363231	366305	-	3075	56.26	protein_coding	365795	CAGACGGCAAACGACTGTCC	AATTCAGACGGCAAACGACTGTCCTGGCCG	AAATGCGCTCAGGTCAAATTCAGACGGCAAACGACTGTCCTGGCCGTAACCGACCCAGCG	TGG	+	60	491	15.9674796747967	0	0	0	3	-8.05	-28.15	-11.2	-4.6	3	0	0.716973238950167	-1.56793537854144	0.619819198513	0.589675333516	53.730583190918	1.44183000123873	-0.0216	-4.6	-30.7	28.83	21.3783235323158
lacZ	363231	366305	-	3075	56.26	protein_coding	365735	GCAGCACCATCACCGCGAGG	CAGCGCAGCACCATCACCGCGAGGCGGTTT	ATAACTGCCGTCACTCCAGCGCAGCACCATCACCGCGAGGCGGTTTTCTCCGGCGCGTAA	CGG	+	70	551	17.9186991869919	1	1	6	33	-11.65	-31.15	-7.1	-0.5	2	0	-0.065096251196138	-1.90013010113518	0.734141932496	0.705087361833	66.6130294799805	2.42537768991808	0.0117	-0.5	-33.7	31.3	30.7446953167546
lacZ	363231	366305	-	3075	56.26	protein_coding	365654	TATGCAGCAACGAGACGTCA	GGTTTATGCAGCAACGAGACGTCACGGAAA	GCTGATTTGTGTAGTCGGTTTATGCAGCAACGAGACGTCACGGAAAATGCCGCTCATCCG	CGG	+	50	632	20.5528455284553	0	0	1	4	-7.45	-25.65	-10.5	0	2	0	-1.10084816181478	-0.322926888988348	0.68784141474	0.588702784212	60.7177963256836	2.02100285039913	0.019	0	-28.1	27.86	22.9701253798188
lacZ	363231	366305	-	3075	56.26	protein_coding	365629	AAATCGCTGATTTGTGTAGT	ATGGAAATCGCTGATTTGTGTAGTCGGTTT	TAAAGCGAGTGGCAACATGGAAATCGCTGATTTGTGTAGTCGGTTTATGCAGCAACGAGA	CGG	+	35	657	21.3658536585366	0	0	1	15	-5.85	-19.75	-7.8	-1.3	3	0	0.932707127471677	-1.83936962655214	0.625950290098	0.583024117404	17.8120059967041	0.154231125741875	-0.2086	-1.3	-22.3	24.58	13.9250784445017
lacZ	363231	366305	-	3075	56.26	protein_coding	365469	AATTTCACCGCCGAAAGGCG	CGATAATTTCACCGCCGAAAGGCGCGGTGC	TAACCACCACGCTCATCGATAATTTCACCGCCGAAAGGCGCGGTGCCGCTGGCGACCTGC	CGG	+	55	817	26.5691056910569	0	0	3	23	-9.85	-26.7	-14.4	-6.1	3	0	-0.319117292839425	-0.958739008945793	0.679563434476	0.626765550078	47.7652931213379	2.22562900136629	0.0723	-6.1	-29.25	29.16	17.5514782535425
lacZ	363231	366305	-	3075	56.26	protein_coding	365389	ATTTCGGCGCTCCACAGTTT	CGGGATTTCGGCGCTCCACAGTTTCGGGTT	CCGCACGATAGAGATTCGGGATTTCGGCGCTCCACAGTTTCGGGTTTTCGACGTTCAGAC	CGG	+	50	897	29.1707317073171	1	0	1	4	-4.55	-23.3	-9.5	0	3	0	0.167939710812325	-1.41976242205253	0.234734806113	0.280629774668	26.3662967681885	0.35119901159026	-0.101	0	-25.7	28.32	14.6696971404689
lacZ	363231	366305	-	3075	56.26	protein_coding	365365	ACCACCGCACGATAGAGATT	TTCAACCACCGCACGATAGAGATTCGGGAT	CGTCGGCGGTGTGCAGTTCAACCACCGCACGATAGAGATTCGGGATTTCGGCGCTCCACA	CGG	+	50	921	29.9512195121951	1	1	0	5	-5	-25.6	-2.7	0	2	0	-0.064970834521544	-1.36783469435822	0.465999403846	0.479029276231	26.1278171539307	1.02023353295991	0.0089	0	-28	27.28	21.6237620211989
lacZ	363231	366305	-	3075	56.26	protein_coding	365301	CTCGCGGAAACCGACATCGC	GCACCTCGCGGAAACCGACATCGCAGGCTT	AGACCATTTTCAATCCGCACCTCGCGGAAACCGACATCGCAGGCTTCTGCTTCAATCAGC	AGG	+	65	985	32.0325203252032	1	1	10	22	-8.55	-29.15	-8.1	-1.6	3	0	0.173184643371606	-1.06578847819193	0.590474826293	0.556674761322	39.0964050292969	0.991828458585266	-0.0417	-1.6	-31.7	30.53	26.3035613117488
lacZ	363231	366305	-	3075	56.26	protein_coding	365216	GCAGAGGATGATGCTCGTGA	CCATGCAGAGGATGATGCTCGTGACGGTTA	CTCATCCATGACCTGACCATGCAGAGGATGATGCTCGTGACGGTTAACGCCTCGAATCAG	CGG	+	55	1070	34.7967479674797	1	1	2	2	-8	-27	-14	-2.4	2	0	-0.801464656086424	-0.873093863328438	0.674876402662	0.640649564172	65.2769241333008	1.5596465308583	0.0759	-2.4	-29.55	27.83	22.9238003084247
lacZ	363231	366305	-	3075	56.26	protein_coding	365095	TCGCACAGCGTGTACCACAG	GCGGTCGCACAGCGTGTACCACAGCGGATG	CCACATACAGGCCGTAGCGGTCGCACAGCGTGTACCACAGCGGATGGTTCGGATAATGCG	CGG	+	60	1191	38.7317073170732	0	1	1	5	-7.7	-27.5	-10.7	-1.7	2	0	-0.346976156134966	-1.16645397746499	0.798732347388	0.786411310308	71.9781799316406	2.39622790591809	0.0927	-1.7	-30.05	29.55	22.5713636633577
lacZ	363231	366305	-	3075	56.26	protein_coding	364834	CCGCCGCCTTCATACTGCAC	GGCTCCGCCGCCTTCATACTGCACCGGGCG	CGGTGGCCGTGGTGTCGGCTCCGCCGCCTTCATACTGCACCGGGCGGGAAGGATCGACAG	CGG	+	65	1452	47.219512195122	1	3	2	12	-8.1	-27.85	-4.4	0	2	0	0.434518163455966	-1.55068657662196	0.467187657989	0.461694967625	52.3218231201172	1.85499598582281	-0.0282	0	-30.4	30.13	25.3545187897365
lacZ	363231	366305	-	3075	56.26	protein_coding	364725	TAGCGAAAGCCATTTTTTGA	CAGGTAGCGAAAGCCATTTTTTGATGGACC	AGCGGGCGCGTCTCTCCAGGTAGCGAAAGCCATTTTTTGATGGACCATTTCGGCACAGCC	TGG	+	35	1561	50.7642276422764	1	0	1	16	-1.15	-19.35	-5	-1.1	6	0	-0.58682177410427	-1.26635621918514	0.462153216719	0.400432215596	7.50643825531006	0.929350502709676	0.0625	-1.1	-21.9	25.01	12.7030260864733
lacZ	363231	366305	-	3075	56.26	protein_coding	364687	GCGTATTCGCAAAGGATCAG	GTGGGCGTATTCGCAAAGGATCAGCGGGCG	GACTGTTACCCATCGCGTGGGCGTATTCGCAAAGGATCAGCGGGCGCGTCTCTCCAGGTA	CGG	+	50	1599	52	1	0	0	9	-8.3	-24.55	-9.8	-3.5	3	0	-0.662907639244251	-0.964529984371041	0.635485924612	0.651506738057	57.5953903198242	3.4614325204016	0.0247	-3.5	-27.1	26.8	18.9136908617618
lacZ	363231	366305	-	3075	56.26	protein_coding	364495	ATACAGAACTGGCGATCGTT	GTTCATACAGAACTGGCGATCGTTCGGCGT	CGGCAAAGACCAGACCGTTCATACAGAACTGGCGATCGTTCGGCGTATCGCCAAAATCAC	CGG	+	45	1791	58.2439024390244	0	2	5	22	-5.75	-24.3	-12	0	2	0	0.45344041634168	-1.46749586454155	0.500991958016	0.488273697452	41.9262924194336	0.275803088757593	-0.0336	0	-26.7	26.44	21.2666412812902
lacZ	363231	366305	-	3075	56.26	protein_coding	364386	GGTCACTTCGATGGTTTGCC	CGCTGGTCACTTCGATGGTTTGCCCGGATA	TGACGGAACAGGTATTCGCTGGTCACTTCGATGGTTTGCCCGGATAAACGGAACTGGAAA	CGG	+	55	1900	61.7886178861789	0	0	1	23	-8.25	-24.85	-9.5	-1.6	3	0	0.515119141419487	-2.30174868143868	0.47502853557	0.455505242942	35.7296180725098	0.591618547359291	-0.1155	-1.6	-27.4	27.66	21.4389002372354
lacZ	363231	366305	-	3075	56.26	protein_coding	364219	CAGAGTTGCCCGGCGCTCTC	GAGCCAGAGTTGCCCGGCGCTCTCCGGCTG	GCACTACGCGTACTGTGAGCCAGAGTTGCCCGGCGCTCTCCGGCTGCGGTAGTTCAGGCA	CGG	+	70	2067	67.219512195122	1	0	1	17	-9.35	-29.55	-22.4	-4.8	3	0	1.46950214684786	-1.84045126367152	0.445370936399	0.465854615631	21.9668159484863	1.17878100447328	-0.0031	-4.8	-32.1	30.94	22.9303540381501
lacZ	363231	366305	-	3075	56.26	protein_coding	364106	CGGCGGGGAGCGTCACACTG	GACGCGGCGGGGAGCGTCACACTGAGGTTT	ATGCGGGATGGCGTGGGACGCGGCGGGGAGCGTCACACTGAGGTTTTCCGCCAGACGCCA	AGG	+	75	2180	70.8943089430894	0	0	0	10	-7.2	-33.75	-11.2	-4.4	4	0	-0.475826683996403	-1.42319777428846	0.712477071122	0.720405180497	55.0572319030762	2.25925502568682	0.1446	-4.4	-36.3	32.18	27.8601837121015
lacZ	363231	366305	-	3075	56.26	protein_coding	364086	ATGCGGGATGGCGTGGGACG	TCAGATGCGGGATGGCGTGGGACGCGGCGG	TCCATTTCGCTGGTGGTCAGATGCGGGATGGCGTGGGACGCGGCGGGGAGCGTCACACTG	CGG	+	70	2200	71.5447154471545	0	2	6	10	-11.05	-34.6	-9.7	-3.4	3	0	0.057794209761457	-1.55654312312733	0.398232538517	0.408999815905	41.4818077087402	1.43931483945055	0.0334	-3.4	-37.15	31.78	32.7311120295699
lacZ	363231	366305	-	3075	56.26	protein_coding	364069	ATTTCGCTGGTGGTCAGATG	ATCCATTTCGCTGGTGGTCAGATGCGGGAT	CCAGCTCGATGCAAAAATCCATTTCGCTGGTGGTCAGATGCGGGATGGCGTGGGACGCGG	CGG	+	50	2217	72.0975609756098	2	0	13	42	-6.55	-24.5	-10.8	-1.3	3	0	-0.449450315687994	-1.60576427091618	0.538865686958	0.545760792633	46.766414642334	3.27461377422179	-0.0161	-1.3	-27.05	26.99	19.5510809069595
lacZ	363231	366305	-	3075	56.26	protein_coding	363867	CGCCTTCCAGCGTTCGACCC	CCGCCGCCTTCCAGCGTTCGACCCAGGCGT	TCGGCCTGGTAATGGCCCGCCGCCTTCCAGCGTTCGACCCAGGCGTTAGGGTCAATGCGG	AGG	+	70	2419	78.6666666666667	3	0	3	35	-8.5	-27.85	-7.3	-2	3	0	0.196566730664223	-1.69997209252205	0.438056025375	0.493886804359	56.8332443237305	1.11680380541977	-0.0857	-2	-30.4	31.14	22.9831318939803
lacZ	363231	366305	-	3075	56.26	protein_coding	363725	CATCAATCCGGTAGGTTTTC	CTACCATCAATCCGGTAGGTTTTCCGGCTG	AATCGCCATTTGACCACTACCATCAATCCGGTAGGTTTTCCGGCTGATAAATAAGGTTTT	CGG	+	45	2561	83.2845528455285	1	1	4	6	-5.1	-21.35	-6.3	-0.7	4	0	0.933734584550704	-1.89059073832663	0.197892433679	0.188406006812	8.49874210357666	0.121963913627605	-0.1213	-0.7	-23.9	24.99	17.1110953129504
lacZ	363231	366305	-	3075	56.26	protein_coding	363577	CGGTCGGGATAGTTTTCTTG	AAGGCGGTCGGGATAGTTTTCTTGCGGCCC	CAAAACAGGCGGCAGTAAGGCGGTCGGGATAGTTTTCTTGCGGCCCTAATCCGAGCCAGT	CGG	+	50	2709	88.0975609756097	0	0	0	2	-2.3	-22.65	-6	-2.3	4	0	0.301244082537975	-1.29338668558669	0.499481664252	0.558220708023	32.9122505187988	0.878078949056948	-0.0596	-2.3	-25.2	26.11	14.8003553859498
lacZ	363231	366305	-	3075	56.26	protein_coding	363562	CAGGCGGCAGTAAGGCGGTC	AAAACAGGCGGCAGTAAGGCGGTCGGGATA	GCAGATCCCAGCGGTCAAAACAGGCGGCAGTAAGGCGGTCGGGATAGTTTTCTTGCGGCC	GGG	+	70	2724	88.5853658536585	1	0	1	3	-11.8	-33.05	-14.2	-5	2	0	0.202640363659319	-1.7962397077982	0.450542253897	0.497679334187	39.5676727294922	1.38653401304846	-0.0374	-5	-35.6	30.92	28.7858143143002
lacZ	363231	366305	-	3075	56.26	protein_coding	363520	GGGGTATACATGTCTGACAA	GTACGGGGTATACATGTCTGACAATGGCAG	TTTCGCTCGGGAAGACGTACGGGGTATACATGTCTGACAATGGCAGATCCCAGCGGTCAA	TGG	+	45	2766	89.9512195121951	0	0	0	0	-6.25	-25	-9.5	0	4	0	-0.633138387222891	0.071996931814021	0.545969252324	0.671412309516	55.9479713439941	0.30138386405975	-0.0317	0	-27.55	24.88	26.2440023139548
lacZ	363231	366305	-	3075	56.26	protein_coding	363440	AGTCGCCGCGCCACTGGTGT	TGGAAGTCGCCGCGCCACTGGTGTGGGCCA	GCGGCTGATGTTGAACTGGAAGTCGCCGCGCCACTGGTGTGGGCCATAATTCAATTCGCG	GGG	+	70	2846	92.5528455284553	1	4	12	21	-8.25	-30.95	-17.2	-4.1	2	0	0.712509385816716	-1.26127896560052	0.424327623095	0.497328404115	42.4289855957031	1.33697873502972	0.0095	-4.1	-33.5	32.72	22.7538453769493
lacZ	363231	366305	-	3075	56.26	protein_coding	363314	CGTCGCCACCAATCCCCATA	GAGTCGTCGCCACCAATCCCCATATGGAAA	TACTGACGGGCTCCAGGAGTCGTCGCCACCAATCCCCATATGGAAACCGTCGATATTCAG	TGG	+	60	2972	96.6504065040651	0	0	1	7	-7.15	-26.1	-3.5	0	4	0	-0.687988821416936	-0.515246909802665	0.253440811365	0.469019036972	16.3965663909912	2.37643193462363	0.0226	0	-28.65	28.95	21.8344316113718
lacZ	363231	366305	-	3075	56.26	protein_coding	363288	CGCCGATACTGACGGGCTCC	ATTCCGCCGATACTGACGGGCTCCAGGAGT	CCGGCGCTCAGCTGGAATTCCGCCGATACTGACGGGCTCCAGGAGTCGTCGCCACCAATC	AGG	+	70	2998	97.4959349593496	1	0	2	7	-12.15	-31.15	-10.8	-4	3	0	-0.455391072451861	-0.453139812273399	0.18761860139	0.440475110405	34.0416603088379	0.838902027074349	-0.0945	-4	-33.7	30.6	28.6094958834293
